Y,X,ID
128.81245944192085,1.9753406878650228,206
75.29761904761905,1.4136904761904763,289
69.64856230031948,1.3354632587859425,226
93.63564041368336,1.6085918854415273,515
71.02199223803366,1.4087968952134542,536
86.77932405566602,1.546719681908549,515
120.74898785425101,1.9078947368421055,35
87.49999999999999,1.562956204379562,166
69.76,1.3648,322
84.27601809954749,1.4898190045248865,462
77.0290964777948,1.4333843797856047,540
124.2455775234131,1.8844953173777315,244
96.84210526315789,1.6557894736842105,334
76.70940170940169,1.4252136752136753,152
120.55555555555557,1.863888888888889,245
64.02298850574712,1.3551724137931034,434
56.327543424317604,1.2220843672456576,462
74.03651115618662,1.4016227180527383,12
81.80592991913745,1.4892183288409702,161
78.6845310596833,1.4482338611449452,100
104.34782608695647,1.7101449275362315,213
66.5266106442577,1.3333333333333333,210
90.5920519059205,1.5912408759124084,237
97.53086419753087,1.652777777777778,119
66.80497925311202,1.3360995850622404,2
121.2486308871851,1.8795180722891567,175
53.56083086053411,1.1869436201780414,434
66.72645739910314,1.3461883408071749,371
85.31935176358438,1.5147759771210676,532
58.119658119658126,1.2464387464387465,43
90.33018867924527,1.5554245283018866,320
72.19917012448131,1.380359612724758,470
146.57190635451508,2.104515050167224,600
64.90727532097004,1.3138373751783168,540
113.99631675874768,1.7790055248618784,75
187.0614035087719,2.5482456140350873,35
189.79933110367898,2.5535117056856187,207
76.47714604236343,1.4325529542920847,155
113.46423562412342,1.788218793828892,169
98.17073170731709,1.6351626016260163,119
80.27681660899655,1.4325259515570934,559
75.56962025316454,1.4379746835443037,161
98.21002386634845,1.676610978520286,515
93.76026272577995,1.5845648604269293,239
103.39425587467362,1.6932114882506524,179
142.998585572843,2.099009900990099,59
70.320197044335,1.37192118226601,161
268.58638743455504,3.3259162303664924,477
110.01964636542239,1.736738703339882,146
131.94029850746267,2.002985074626866,372
72.22884386174016,1.3802145411203812,46
183.07905686546465,2.4965325936199725,167
105.20951302378253,1.711211778029445,152
83.31053351573189,1.491108071135431,536
102.6063100137174,1.7187928669410149,146
108.6036671368124,1.7263751763046542,146
69.140625,1.3554687499999998,257
78.3570300157978,1.4233807266982625,536
109.49464012251151,1.7136294027565084,152
115.78947368421053,1.7936016511867907,526
88.71989860583017,1.5399239543726235,558
128.7092882991556,1.9541616405307596,134
53.016688061617465,1.2002567394094994,343
57.479387514723214,1.241460541813899,122
53.0674846625767,1.2147239263803682,588
92.79811097992918,1.656434474616293,323
73.35640138408304,1.3990772779700114,289
84.74074074074073,1.557037037037037,155
86.23566214807092,1.5651720542231493,532
85.4591836734694,1.5076530612244898,239
168.90982503364737,2.3499327052489902,67
129.04953145917003,1.9544846050870144,134
75.24366471734892,1.4074074074074072,546
123.78223495702005,1.9355300859598854,3
152.48344370860926,2.200331125827814,197
79.19463087248324,1.4429530201342284,239
115.48387096774195,1.8046082949308757,585
82.20338983050847,1.4872881355932202,161
82.9698857736241,1.489096573208723,234
161.05947955390332,2.2490706319702602,207
60.606060606060616,1.2531194295900179,560
58.48484848484847,1.2363636363636363,128
78.49872773536896,1.4389312977099236,19
90.80882352941178,1.5533088235294121,138
88.1316098707403,1.5464159811985898,119
126.62721893491124,1.923076923076923,553
101.55251141552513,1.664840182648402,53
153.39063992359118,2.1843361986628462,579
120.25210084033615,1.8815126050420168,175
167.60037348272644,2.3548085901027083,3
75.45787545787545,1.4175824175824174,17
87.2108843537415,1.5319727891156465,558
93.34170854271356,1.5804020100502516,462
183.86627906976744,2.498546511627907,207
103.26223337515685,1.7114178168130492,335
73.85524372230428,1.4062038404726738,310
75.7162346521146,1.4092769440654844,138
110.96605744125327,1.7676240208877283,365
56.28930817610064,1.2243186582809227,540
96.57794676806084,1.6634980988593158,20
88.68778280542985,1.5339366515837103,558
64.69740634005763,1.3011527377521612,371
85.48548548548547,1.5365365365365364,558
146.35691657866948,2.1182682154171064,67
112.87313432835819,1.802238805970149,365
100.22805017103764,1.6510832383124288,389
82.11009174311926,1.4755351681957185,397
110.9253065774805,1.7636566332218506,75
124.86288848263254,1.9762340036563073,147
161.91369606003752,2.2879924953095685,3
84.02555910543128,1.4696485623003193,349
164.88027366020526,2.3283922462941846,267
138.68986693961108,2.0818833162743093,358
187.63297872340425,2.5890957446808507,358
145.39877300613497,2.1104294478527605,358
320.81218274111683,3.9187817258883255,487
137.23021582733813,2.0467625899280573,121
78.4934497816594,1.4475982532751093,530
106.68824163969792,1.7389428263214668,280
92.57641921397381,1.584061135371179,138
86.94758478931142,1.5447070914696814,532
57.54601226993863,1.2392638036809813,513
111.86264308012485,1.7908428720083247,296
173.99014778325125,2.4167487684729063,3
92.47422680412372,1.5969072164948455,475
80.88410991636799,1.5232974910394268,123
73.1543624161074,1.4134228187919464,322
73.18932655654383,1.400254129606099,140
71.33243606998653,1.3970390309555853,140
138.14955640050698,2.054499366286439,169
90.62957540263544,1.5783308931185944,532
101.6949152542373,1.6624293785310735,521
98.62258953168043,1.6460055096418733,146
138.49721706864563,2.0510204081632653,154
55.45722713864306,1.2330383480825957,588
86.25541125541126,1.5259740259740262,204
103.67207514944492,1.7198975234842018,391
72.70471464019849,1.3933002481389576,310
100.80775444264944,1.6817447495961226,429
72.52525252525253,1.382828282828283,531
75.83001328021246,1.4116865869853914,562
71.24394184168014,1.3893376413570273,46
120.59800664451828,1.8687707641196014,365
77.00421940928271,1.4409282700421941,138
73.87755102040815,1.4061224489795918,2
108.45714285714287,1.7474285714285716,59
117.87941787941789,1.8607068607068609,577
156.01336302895322,2.2494432071269483,35
123.63083164300204,1.9026369168356998,280
125.42955326460483,1.9604810996563575,241
203.1932773109244,2.754621848739496,207
80.30176026823136,1.471081307627829,322
54.463276836158194,1.2045197740112994,540
115.33575317604354,1.8221415607985478,97
116.42935377875135,1.8335158817086525,134
82.97455968688845,1.5136986301369864,558
104.9034175334324,1.7191679049034176,194
208.2890541976621,2.7555791710945803,193
80.11527377521614,1.462536023054755,2
112.25806451612902,1.7778801843317975,75
111.92946058091286,1.7790456431535273,188
114.17582417582418,1.7989010989010987,155
195.96174282678004,2.615302869287992,91
72.93318233295582,1.4099660249150623,470
164.1860465116279,2.3085271317829457,225
174.5061147695202,2.471307619943556,267
67.15620827770363,1.3377837116154876,405
187.64278296988581,2.5534787123572174,31
99.07407407407409,1.654320987654321,301
104.47570332480815,1.7122762148337594,391
86.3582443653618,1.5219454329774615,558
59.961127308066075,1.2789115646258502,339
125.45612510860124,1.9365768896611646,154
62.218649517684895,1.3327974276527332,289
113.27731092436979,1.8151260504201685,152
126.73684210526316,1.922105263157895,154
59.556103575832275,1.2712700369913683,185
66.05101143359718,1.321020228671944,337
70.81218274111676,1.366751269035533,322
144.6753246753247,2.116883116883117,67
143.61233480176213,2.089574155653451,546
109.47741364038973,1.7581930912311778,574
121.19341563786008,1.860082304526749,54
108.69098712446352,1.7371244635193135,69
61.31774707757703,1.2699256110520722,470
87.98751950078001,1.5319812792511698,75
111.92350956130484,1.811023622047244,372
88.8304862023653,1.545335085413929,7
117.50433275563256,1.830155979202773,169
111.69590643274856,1.791423001949318,436
77.08029197080292,1.4408759124087593,557
209.52380952380955,2.7655677655677655,594
109.68421052631578,1.7568421052631578,47
97.1971971971972,1.6266266266266267,237
95.15570934256058,1.6228373702422145,47
81.49779735682819,1.47852422907489,587
105.97738287560581,1.7544426494345717,574
75.9548611111111,1.448784722222222,140
134.74635163307852,2.0416956219596942,244
147.68756423432683,2.1253854059609454,255
103.13182811361979,1.6941005098324835,372
87.63769889840881,1.5458996328029377,157
134.8494161032575,2.0276582667486167,193
75.7250945775536,1.4287515762925598,152
141.95751138088013,2.341426403641882,487
168.85007278020382,2.523289665211063,454
96.2413975648491,1.6246691371095814,244
73.97078353253652,1.4289508632138115,470
85.74423480083856,1.5234102026554852,257
130.2742025741466,1.9736989367655284,155
162.57309941520467,2.3031189083820665,385
100.74626865671641,1.6710199004975124,155
66.80929095354522,1.3490220048899755,558
146.28099173553719,2.2826446280991735,325
97.54060324825987,1.7512761020881673,429
61.41460609545716,1.3622771707878092,429
75.01847745750186,1.42719881744272,558
56.20689655172413,1.2474137931034481,2
53.38078291814947,1.2231825114387394,322
91.57575757575756,1.590909090909091,257
113.24611610793127,1.7882256745707275,151
74.77522477522479,1.4240759240759242,424
64.83516483516482,1.3152472527472527,152
95.83333333333333,1.6206140350877192,155
73.64185110663985,1.403085177733065,239
143.19344933469807,2.1023541453428867,547
85.21584861028975,1.5245416913069187,257
106.6735644076565,1.735126745990688,365
88.47530422333571,1.5755189692197566,337
74.22680412371136,1.4314036478984933,213
60.77481840193704,1.3091202582728005,546
224.25488180883866,2.9260020554984583,333
60.33483580167418,1.277527366387637,421
81.31868131868131,1.4719169719169718,323
114.00903808908973,1.798579728857327,585
84.71074380165288,1.5299586776859502,601
88.86198547215494,1.569007263922518,390
177.87913340935006,2.443557582668187,477
104.52853598014886,1.7320099255583123,152
164.49016100178892,2.3998211091234354,207
70.37773359840953,1.3717693836978129,371
48.71016691957512,1.160091047040971,2
72.61103633916554,1.399057873485868,470
82.58138206739005,1.4677327241576241,257
68.64754098360656,1.3586065573770494,2
62.98157453936347,1.3132328308207704,152
113.75274323335776,1.8112655449890271,257
162.82798833819243,2.3892128279883385,440
113.97139713971399,1.8047304730473048,389
83.09222423146474,1.4981916817359857,217
59.210526315789465,1.2710526315789474,128
106.60994764397907,1.7650523560209423,337
83.6461126005362,1.5018766756032171,297
83.11776718856365,1.5336963921034716,471
77.65027322404372,1.4475409836065576,558
74.14403778040142,1.41086186540732,558
71.90839694656486,1.3816793893129768,2
68.50886339937435,1.3618352450469238,558
77.3076923076923,1.4230769230769231,260
62.642045454545446,1.3125,152
108.01120448179273,1.7378151260504204,579
85.76700052714811,1.5318924617817604,108
160,2.289975550122249,35
126.99063231850116,2.120023419203747,551
99.85261606484895,1.6735445836403833,329
109.14927768860355,1.7825040128410914,391
80.24875621890547,1.4840796019900497,574
107.07427993936332,1.7594744820616472,280
81.15015974440894,1.5092651757188498,365
177.82426778242674,2.4764644351464438,197
97.40143369175625,1.6424731182795698,54
78.22944896115627,1.4435411020776872,345
60.440613026819925,1.2519157088122606,2
93.96147839666841,1.6022904737116084,241
76.30488815244406,1.4333057166528582,424
107.25244072524409,1.7433751743375174,220
139.80066445182723,2.083056478405316,547
311.0275689223058,3.7857142857142865,136
66.75062972292191,1.3425692695214106,17
232.0267686424474,3.000956022944551,333
83.8783269961977,1.5072243346007603,323
60.63829787234042,1.3085106382978722,66
124.32291666666669,1.940104166666667,197
106.56634746922025,1.7660738714090287,121
47.482993197278915,1.1387755102040817,190
68.96745230078562,1.3799102132435463,508
66.84179801517804,1.3479276123759485,310
201.76415970287835,2.8189415041782735,149
104.52224653537563,1.7002188183807438,379
96.18811881188117,1.637128712871287,167
61.340206185567006,1.265979381443299,152
67.22383720930233,1.3248546511627908,152
60.7142857142857,1.247252747252747,2
64.45783132530121,1.2876506024096386,2
58.092259577795126,1.2329945269741986,339
65.98602901665772,1.3078989790435251,2
146.07614607614605,2.103341103341103,386
59.09090909090908,1.2421875,481
78.7353391126976,1.4370219275879654,214
72.48707639287765,1.373348650201034,161
71.46610614818707,1.3589069889647925,2
68.38323353293413,1.3149700598802394,470
65.36491677336745,1.290012804097311,152
69.88088485536016,1.363584798638684,152
93.87521465369205,1.5884373211219236,558
60.79948420373954,1.2630560928433272,152
100.42527339003647,1.650060753341434,414
94.33638443935925,1.589244851258581,436
91.01382488479263,1.5535714285714286,6
92.05569205569203,1.5659295659295658,544
115.84109857773419,1.8087297694948505,323
61.67664670658684,1.2524950099800398,223
75.390625,1.3776041666666665,199
64.39999999999999,1.2879999999999998,434
89.82797307404637,1.5340314136125657,161
111.51736745886656,1.7586837294332724,203
122.3853211009174,1.871559633027523,320
111.08179419525067,1.7683377308707127,574
67.68935762224352,1.3245445829338447,409
82.11074301940369,1.4723142451490772,420
62.62295081967212,1.2650273224043715,56
94.2602671944582,1.5942602671944581,214
128.4300791556728,1.9366754617414244,372
65.35057862491492,1.3158611300204222,2
79.24080664294189,1.4489916963226572,239
122.38131122833455,1.889223813112283,169
135.56164383561645,2.037260273972603,487
105.21628498727735,1.7029262086513994,6
66.54545454545455,1.3054545454545454,339
164.83889202939514,2.314867156585642,509
62.63919821826281,1.2717149220489978,540
92.98461538461538,1.5827692307692307,414
67.08955223880595,1.308955223880597,152
105.98086124401911,1.7272727272727268,585
233.39100346020757,3.068050749711649,136
112.66216917488323,1.8090295796574989,583
57.76364599894011,1.2458929517753048,2
75.45239968528719,1.4264358772619987,93
123.19894249834766,1.9094514210178453,147
70.47850770478506,1.3609083536090834,214
86.79706601466991,1.5338223308883452,161
195.9635416666667,2.60546875,358
63.0738522954092,1.2807717897538258,152
180.23171614771906,2.4532947139753802,207
97.24324324324326,1.6372972972972972,152
118.6143572621035,1.8247078464106847,518
87.90238836967809,1.5295950155763238,593
82.57142857142856,1.449285714285714,2
78.60394537177542,1.4673748103186646,322
105.97964376590328,1.7251908396946565,193
212.8043282236249,2.7908025247971144,207
77.15355805243445,1.457553058676654,213
75.19064565327909,1.4082358922216573,519
70.26793431287814,1.3681936041486604,331
90.10680157391792,1.5598650927487352,420
58.28025477707006,1.2441613588110403,209
91.5184678522572,1.595759233926129,314
75.41666666666666,1.3656249999999999,152
145.6185567010309,2.133376288659794,3
66.39194139194139,1.3269230769230769,364
126.29286880783887,1.9281437125748502,90
60.93457943925231,1.2834890965732084,152
127.14339198801947,1.956944964432797,99
116.37604245640638,2.017437452615618,325
55.24568393094289,1.199203187250996,128
55.450874831763116,1.2126514131897712,148
77.83046828689983,1.4202726733847066,138
70.80474111041795,1.3599500935745474,540
65.99462365591398,1.2943548387096775,148
71.91489361702129,1.391489361702128,337
57.299520219328315,1.2412611377655929,126
46.62273476112026,1.1441515650741352,68
51.090548578982165,1.1810971579643095,339
74.27884615384615,1.4092548076923077,441
135.69832402234638,2.018435754189944,203
77.13833157338965,1.4281942977824709,532
93.06880964339528,1.6052235057759918,215
61.18032786885246,1.2636065573770492,148
75.44987146529566,1.3778920308483293,114
58.04597701149427,1.2114942528735635,148
81.41463414634148,1.4634146341463414,574
97.57942511346442,1.6134644478063538,155
60.259032038173146,1.2419904567143831,2
173.42242019302157,2.3890126206384563,35
154.16890801506185,2.1732114039806345,211
47.73622047244096,1.1161417322834646,493
41.984732824427475,1.0916030534351147,308
77.85433070866142,1.4488188976377954,238
88.22593476531424,1.5640413683373109,215
101.42140468227426,1.6864548494983278,585
186.90410958904107,2.5413698630136983,69
120.72115384615385,1.8692307692307697,130
63.21155480033984,1.3092608326253186,351
50.404530744336576,1.1723300970873787,148
66.05431309904152,1.31629392971246,351
64.6536412078153,1.3179396092362345,529
126.62401574803151,1.9311023622047245,154
61.80356117174037,1.2768523836875358,2
128.57142857142856,1.9548872180451125,391
80.8970976253298,1.4643799472295511,232
82.09836065573771,1.480655737704918,215
58.488964346349746,1.2249575551782683,148
59.22038980509746,1.2608695652173914,251
49.78012313104663,1.1574318381706243,186
67.83479349186483,1.3516896120150188,323
115.18292682926827,1.798170731707317,192
149.71209213051824,2.1708253358925145,315
85.19083969465649,1.5106870229007634,186
89.69121140142518,1.5781472684085511,304
55.398037077426366,1.2322791712104688,68
65.94771241830067,1.320261437908497,532
74.43511943189152,1.4241446094254357,13
101.42369020501138,1.6873576309794989,391
59.51724137931036,1.27448275862069,390
53.289473684210535,1.1860902255639096,303
91.32990448199855,1.5811903012490818,215
63.68921775898519,1.307610993657505,213
88.60428646105593,1.5394668060637742,371
104.78413068844807,1.7001166861143526,509
98.64479315263912,1.6262482168330958,376
170.3776041666667,2.3554687500000004,96
58.69262865090401,1.2426981919332403,331
77.21518987341773,1.4312236286919833,462
112.60663507109005,1.771563981042654,134
62.73817925194073,1.2660550458715598,472
66.59674882013633,1.319349764027268,82
96.42313546423136,1.643074581430746,360
78.26603325415678,1.4596199524940618,304
99.0144927536232,1.652753623188406,350
127.76548672566372,1.9474557522123894,413
85.82510578279266,1.5394922425952047,360
78.13522355507088,1.45092693565976,360
92.23433242506812,1.6055858310626705,599
88.26764436296975,1.5563703024747937,544
67.8871548619448,1.3517406962785115,264
63.57850070721358,1.2956152758132957,284
56.8976897689769,1.2231023102310232,56
182.1459227467811,2.5433476394849786,282
89.68105065666043,1.5659787367104443,165
85.68129330254041,1.5011547344110856,33
60.2004716981132,1.2505896226415094,148
103.45744680851064,1.707446808510638,511
72.75362318840578,1.389855072463768,236
84.86842105263159,1.5531376518218623,387
98.0802792321117,1.6583769633507854,329
60.137195121951216,1.269817073170732,508
91.98140615920978,1.5996513654851834,155
78.81136950904394,1.4616709732988804,387
133.18729463307776,2.0054764512595837,170
66.62309368191721,1.3346405228758171,299
94.33962264150944,1.622051886792453,155
55.195195195195204,1.2180180180180182,129
62.71493212669682,1.2886877828054295,362
58.62068965517242,1.2492816091954024,508
66.66666666666667,1.329156223893066,217
184.7212165097755,2.7480086893555393,505
76.12745098039217,1.4465686274509808,507
62.903225806451616,1.2757056451612905,2
72.54004576659037,1.4004576659038899,186
61.25356125356125,1.272934472934473,2
80.9553739786298,1.4996857322438717,337
76.64023071377073,1.4455659697188177,111
109.4726062467998,1.778289810547875,524
159.8349381017882,2.2799174690508943,241
63.29723225030084,1.3014440433212995,224
95.98583234946872,1.6487603305785126,166
72.66811279826464,1.3931670281995663,507
112.21779548472774,1.7881806108897742,379
60.612460401267164,1.2787750791974657,43
69.64285714285715,1.3576839826839828,568
89.56703182055293,1.5565988523735002,373
70.8411214953271,1.358878504672897,341
103.62204724409449,1.7065616797900265,585
82.99240210403272,1.4850964348334308,350
81.12206216830934,1.467778620166793,593
92.18749999999999,1.5971467391304346,215
159.28984310487203,2.2526837324525184,67
66.50082918739636,1.3200663349917081,568
67.68388106416275,1.3435054773082942,238
119.23360353721446,1.8489314664701548,349
88.11544991511035,1.5455574419920768,350
56.71052631578948,1.2328947368421053,191
70.8924949290061,1.374239350912779,508
56.16797900262467,1.222222222222222,236
90.08520526723471,1.5623547637490316,84
69.11231884057972,1.3342391304347827,356
63.917525773195884,1.2873711340206184,470
62.64428121720882,1.2518363064008393,122
52.43027888446215,1.1912350597609562,249
86.62369057211926,1.5374697824335213,215
62.15780998389694,1.2893183038110572,299
82.05928237129484,1.469578783151326,356
57.61278195488722,1.2406015037593983,508
64.45312500000001,1.3063616071428572,514
109.59752321981422,1.702786377708978,84
87.87289234760051,1.536964980544747,152
62.08732694355699,1.2790202342917998,317
40.81846799580275,1.071353620146905,68
47.434435575826676,1.1322690992018243,93
60.10869565217391,1.2510869565217388,257
54.59882583170255,1.191780821917808,148
89.21933085501857,1.6014869888475838,413
53.301384451544195,1.1991480298189563,56
62.831858407079636,1.2983565107458912,497
76.29000653167861,1.4330502939255385,232
91.67254763585039,1.604798870853917,437
71.70022371364654,1.3646532438478747,312
61.96868008948548,1.2740492170022375,126
56.88806888068881,1.2312423124231242,126
55.49450549450549,1.213186813186813,493
62.280701754385944,1.293859649122807,186
216.6990291262136,2.8718446601941747,35
95.17409896151496,1.6145387904703723,216
76.1061946902655,1.4277286135693217,468
89.81958762886596,1.5947164948453607,436
60.70215175537938,1.2876557191392977,299
64.51211932877564,1.319453076444997,441
81.6259087904825,1.4990085922009255,468
87.07446808510639,1.5521276595744682,475
71.41975308641975,1.3814814814814813,49
55.329670329670336,1.225824175824176,529
43.82767191383596,1.1168185584092791,68
72.27966518956178,1.4071885770556376,423
59.78755690440062,1.2898330804248863,529
58.655462184873954,1.2638655462184873,224
76.6859344894027,1.4348105330764291,471
60.472751149047944,1.2934996717005909,544
51.13871635610766,1.193926846100759,529
125.01223690651,1.9202153695545765,3
90.16290726817043,1.5770676691729322,436
108.76451953537484,1.7634635691657863,154
72.34567901234567,1.3993827160493828,204
78.58056265984654,1.4641943734015344,375
129.1166077738516,1.9837455830388695,565
152.93040293040292,2.236874236874237,238
183.26068003487362,2.5527462946817785,238
118.61042183622827,1.8672456575682381,464
81.26649076517148,1.5224274406332454,370
95.89392643284859,1.7596236099230111,490
128.55263157894737,1.9618421052631578,155
53.38983050847459,1.1959745762711866,508
98.63201094391245,1.6689466484268127,121
67.64490095377843,1.3448275862068968,71
80.88930936613056,1.4966887417218544,215
114.84823625922888,1.8211648892534866,526
75.8900687070581,1.427857589006871,49
101.39511709018436,1.6900847035376185,75
54.27204374572795,1.2084757347915243,493
62.94117647058823,1.288235294117647,153
57.2283150548355,1.2442671984047857,462
69.28769657724328,1.37372802960222,152
94.45564516129032,1.6043346774193548,49
113.16211878009628,1.8143392188336005,241
65.19402985074626,1.311044776119403,140
71.29674599320059,1.3744536182612919,140
47.02495201535509,1.1257197696737045,93
65.86021505376345,1.3010752688172043,508
164.02214022140222,2.341328413284133,3
70.79691516709511,1.3794344473007711,2
80.280701754386,1.4673684210526319,375
87.90786948176583,1.5350287907869482,75
52.871621621621614,1.1883445945945945,93
56.72020287404903,1.2307692307692308,529
69.60268070847295,1.3547151747247488,410
104.2811839323467,1.709830866807611,3
57.78994524639125,1.2414136386261823,2
71.95740365111564,1.4097363083164303,337
51.96078431372548,1.2034313725490196,498
93.01435406698565,1.5913875598086127,295
72.99158377964802,1.3963274674827848,471
50.80440304826419,1.1752751905165115,93
66.98717948717949,1.3157051282051284,209
63.23296354992074,1.2614896988906497,50
54.297872340425535,1.217872340425532,498
69.96567505720822,1.3953089244851258,4
106.1616732617298,1.7490107405313737,414
133.80973648950425,2.0522554711924963,279
85.93652769135034,1.5357809583074051,121
71.581894540364,1.4059729351376578,331
54.46333687566419,1.2258235919234857,148
54.314329738058554,1.2280431432973806,289
76.2828535669587,1.451188986232791,84
85.94327990135633,1.580764488286066,121
113.13715186547557,1.8192327903310563,155
68.60934795152914,1.3606462781304096,589
66.68797953964193,1.3337595907928388,162
117.45953898970085,1.8626777832270722,121
71.6577540106952,1.4010695187165776,223
91.91671769748929,1.606246172688304,215
76.36695018226003,1.5176184690157957,395
86.50659452147445,1.5552925262089956,304
72.3145071982281,1.4473975636766332,57
117.49253731343283,1.87044776119403,495
84.40748440748442,1.528066528066528,509
72.20472440944881,1.3921259842519684,238
72.23707664884137,1.394385026737968,462
93.5903182429404,1.670551322277006,180
70.33398821218074,1.3739358218729534,2
92.40658899156287,1.6669345118521492,216
119.56937799043061,1.8698564593301437,155
63.589412524209166,1.3344092963202066,498
138.38274932614553,2.06199460916442,413
70.97944377267231,1.379081015719468,46
94.53284373725009,1.6156670746634028,365
131.93863319386332,2.00697350069735,117
79.32828760643329,1.4545884578997161,165
89.23233695652175,1.5930706521739133,84
179.34936350777934,2.4686468646864688,189
137.04182837429926,2.051315222078482,193
106.24999999999997,1.7404999999999997,134
157.8728461081402,2.2549019607843137,547
72.79656979514056,1.4130538351595998,475
90.30976965845909,1.5833995234312943,166
69.6245733788396,1.3556313993174063,88
93.65213711383834,1.6258992805755395,243
65.92512208355943,1.3537710255018993,299
125.62956945572705,1.9780666125101543,137
57.88005578800557,1.2461645746164576,568
57.682458386683734,1.2451984635083226,529
101.21372031662268,1.680211081794195,244
76.7552828902522,1.4383094751192909,441
56.516015796401945,1.2518648530057042,126
64.25396825396824,1.3123809523809524,549
111.80208806173401,1.7998184294144348,134
79.11764705882352,1.4602941176470587,270
59.954407294832826,1.2720364741641337,148
109.8326359832636,1.7887029288702927,485
73.99999999999999,1.391304347826087,498
81.1959087332809,1.4925255704169946,323
76.20253164556964,1.4033755274261603,405
60.04108885464816,1.2701592193117615,377
114.34755720470007,1.821273964131107,520
73.2065687121867,1.4477095937770093,545
112.18917601170159,1.8020477815699658,518
80.2120141342756,1.4721731448763251,488
66.62912912912911,1.347222222222222,339
85.844994617868693,1.538751345532831,121
90.43329043329044,1.5765765765765767,417
64.30260047281327,1.3002364066193857,2
92.07879295892705,1.5943000838222965,585
97.19519175729822,1.631940469376073,545
65.13629842180775,1.3177905308464848,564
89.96610169491527,1.5606779661016952,288
96.61442006269591,1.6369905956112851,273
106.31820792647903,1.7662263067202757,121
83.87997208653175,1.5324494068387997,574
75.3432494279176,1.4405034324942791,555
81.85185185185185,1.486111111111111,341
93.4330299089727,1.9083224967490244,246
127.36737729300944,1.9524045612295493,211
67.458432304038,1.3509501187648454,544
91.95402298850574,1.5754789272030651,75
74.11764705882352,1.3852941176470588,2
119.45945945945948,1.8497297297297302,558
83.91990291262135,1.5091019417475728,471
51.1986301369863,1.183219178082192,588
58.57449088960344,1.2529474812433012,126
123.49056603773587,1.9089622641509434,154
65.69178852643417,1.34251968503937,510
63.02872062663184,1.3007832898172322,2
69.67640918580376,1.3700417536534448,49
98.7239758226998,1.671591672263264,217
60.78260869565217,1.2782608695652173,2
91.34758826454498,1.5877672799602185,574
78.75668999588306,1.4697406340057637,544
132.16101694915258,2.0317796610169494,323
111.49479659413433,1.7866603595080417,372
73.62349239643419,1.4042999475616151,566
66.65143901324807,1.3206943809958887,2
51.690140845070445,1.191549295774648,549
121.79016874541453,1.943506969919296,349
106.63716814159292,1.7453294001966568,373
97.3997833152763,1.661430119176598,387
112.90684624017959,1.8030303030303032,526
67.08160442600276,1.3208852005532503,2
107.3538654934004,1.7536140791954749,152
94.85294117647061,1.6529411764705884,304
81.62863886703384,1.5401258851298192,237
63.7454981992797,1.3007202881152462,232
63.62349610757252,1.3078556263269636,2
169.73293768545994,2.436795252225519,347
75.87852494577005,1.4216919739696312,143
123.64145658263305,1.9221288515406165,3
66.51609260304912,1.315640880858272,476
105.49698795180721,1.7176204819277108,71
58.296249205340125,1.249205340114431,2
67.22689075630252,1.3619447779111646,572
55.144256940664114,1.2416984213391398,549
93.46590909090907,1.6271306818181817,304
112.71420674405748,1.8192371475953564,75
151.7960602549247,2.192352259559675,577
163.6471284783896,2.3818827708703374,550
49.069478908188586,1.1569478908188584,568
66.63135593220339,1.33739406779661,312
56.56424581005588,1.2332402234636872,331
91.163382072473,1.5810553083280356,89
102.2949713128586,1.706378670266622,132
75.3203607024205,1.4171808258186993,232
96.08988764044945,1.6395505617977528,323
70.6905640484976,1.371639430680021,342
136.107634543179,2.0256570713391744,471
63.604732080723736,1.3462073764787754,445
63.84720327421554,1.290586630286494,508
79.8938679245283,1.4604952830188678,107
70.42513863216267,1.3747689463955637,507
104.05347132384651,1.6968520914187148,526
97.56345177664973,1.648730964467005,155
85.60606060606061,1.55513468013468,304
72.85531370038413,1.4024754588134871,544
106.16379310344826,1.7495689655172413,570
78.65394274234055,1.4771471622300354,375
77.2644927536232,1.4483695652173914,429
177.11475409836066,2.4681967213114753,3
52.48618784530387,1.1860036832412522,43
153.99061032863855,2.254929577464789,175
53.21637426900586,1.2153110047846891,343
57.55517826825126,1.2693831352574985,592
60.5294825511432,1.2671480144404332,71
77.13575644610128,1.4830692761727244,424
94.3062827225131,1.6223821989528797,521
58.99814471243041,1.24721706864564,148
126.51612903225808,1.9367741935483873,188
66.56017039403622,1.3407880724174654,405
49.71369078604895,1.1795939614783968,148
58.47732181425484,1.2710583153347732,404
128.0504277352544,1.9477712742008104,62
69.78494623655915,1.3838709677419356,257
73.5064935064935,1.4030303030303028,561
57.73049645390071,1.251063829787234,186
68.99516389038153,1.3594841483073616,507
64.4916540212443,1.3247344461305006,162
82.13137344970143,1.4887459807073953,341
115.86861891571034,1.8769291650178077,152
73.06748466257669,1.4092024539877301,471
96.28394473558836,1.6426869938065745,350
63.76306620209059,1.3031358885017423,148
58.5100598151169,1.250679717237629,378
56.028938906752416,1.233118971061093,196
56.471158507028576,1.2380029083858457,148
73.38742393509128,1.4097363083164303,140
63.16262353998204,1.2821203953279428,2
88.55689764780674,1.5594405594405591,488
87.7733598409543,1.5437375745526842,152
105.74879227053142,1.7357487922705317,526
45.593869731800766,1.1371647509578544,339
71.53762268266084,1.3805888767720826,11
59.79228486646885,1.274480712166172,235
111.86440677966101,1.7881355932203389,244
73.30335241210139,1.4018806214227308,232
149.76501305483026,2.2015665796344646,570
83.75156838143037,1.5150564617314932,246
108.99020025564552,1.7912228376651043,257
84.89028213166144,1.5304075235109718,400
116.33507853403142,1.8722513089005237,373
56.42504118616147,1.2331136738056012,586
86.88524590163934,1.5661592505854798,232
78.28820116054159,1.4559961315280465,331
84.91547464239272,1.5403120936280885,304
70.13924703455392,1.3733883445074784,509
54.03489640130859,1.2082878953107958,66
65.92729513247072,1.3296364756623538,126
142.14214214214215,2.1631631631631634,175
79.77369165487977,1.461810466760962,468
82.42827868852459,1.4882172131147542,429
48.2163406214039,1.141542002301496,385
62.926292629262946,1.2882288228822885,560
66.74418604651164,1.3093023255813954,57
69.73154362416109,1.3604026845637587,222
49.85590778097983,1.1575408261287223,552
79.56070774862722,1.464307504575961,391
79.3492695883134,1.4621513944223108,75
98.75,1.675,166
98.81598421312286,1.6837691169215592,309
69.42003514938489,1.3655536028119506,151
148.74260355029588,2.1752958579881656,11
116.42228739002935,1.836510263929619,253
247.14828897338404,3.1520912547528517,383
43.482064741907266,1.0962379702537186,68
93.33333333333333,1.6313432835820896,257
102.08711433756805,1.6814882032667877,288
62.27510156703424,1.2919326755658735,343
68.32116788321166,1.3656934306569342,81
59.00692840646651,1.270785219399538,148
85.55997725980671,1.5531552018192154,253
58.744394618834086,1.2466367713004485,185
74.84042553191489,1.4441489361702124,475
149.4623655913978,2.2219662058371736,11
113.00728407908427,1.792924037460978,154
118.97150799166087,1.8610145934676856,501
58.81118881118882,1.2587412587412588,159
57.32758620689654,1.2431034482758618,299
56.56502800248909,1.2644679527069072,542
53.749013417521695,1.2059984214680346,261
86.00419874037787,1.5255423372988102,522
155.53857906799087,2.217723453017571,358
86.41488162344983,1.5355129650507326,228
78.17047817047818,1.446985446985447,166
101.47819660014783,1.6851441241685143,207
89.83498349834986,1.5683168316831686,389
207.43193524650482,2.779249448123621,145
69.01408450704226,1.3807511737089202,494
99.28315412186379,1.6594982078853044,497
120.14192139737992,1.8739082969432312,188
146.98555057299453,2.1340308918784254,248
188.034188034188,2.5695415695415695,486
89.11374738311235,1.5547801814375437,107
68.3066361556064,1.3558352402745995,161
135.42292829540577,2.035208243881494,175
69.81818181818181,1.3551515151515152,17
63.04128902316213,1.3021148036253778,15
83.08321964529333,1.499317871759891,166
107.3488372093023,1.7348837209302328,227
77.23214285714286,1.4107142857142858,470
62.499999999999986,1.2848101265822782,384
48.8607594936709,1.1544303797468354,481
65.01809408926418,1.3160434258142342,475
167.62417713943748,2.3734290843806103,282
130.49295774647888,1.9704225352112676,61
57.69230769230771,1.2559440559440562,277
97.41161616161614,1.6584595959595958,157
74.65504720406682,1.4001452432824983,392
81.84845961698586,1.48293089092423,414
82.44644091223222,1.4913614374568074,532
93.49930843706777,1.6009681881051172,389
81.6505706760316,1.4793678665496048,391
142.33630952380955,2.124255952380952,233
164.84312148028962,2.3386967015285602,502
119.54397394136808,1.8644951140065147,521
118.69999999999999,1.848,420
148.1203007518797,2.1560150375939853,175
81.42444658325311,1.4831568816169396,114
69.60431654676259,1.3525179856115108,481
146.61446338093046,2.169967756794104,175
91.66187464059804,1.5888441633122483,290
124.87008166295475,1.907201187824796,211
99.26220204313282,1.678206583427923,428
139.27813163481952,2.05449398443029,35
99.70845481049567,1.655247813411079,114
94.3612334801762,1.622907488986784,458
106.63716814159292,1.7477876106194692,167
130.52076466710614,1.98022412656559,524
63.68000000000001,1.3024,513
150.2649507948524,2.158970476911431,355
108.8192419825073,1.7427113702623906,51
174.01086113266103,2.3941039565554694,358
127.25733634311513,1.9418735891647856,503
91.06210098665117,1.5705165409170052,296
87.43169398907106,1.5191256830601094,63
148.96755162241882,2.1669616519174038,363
94.7992700729927,1.6286496350364963,54
99.3543179983858,1.6876513317191284,167
101.38169257340242,1.6960276338514682,203
115.2238805970149,1.8052238805970149,501
132.52525252525254,1.998653198653199,1
84.64566929133856,1.5203412073490812,532
146.7701863354037,2.1503105590062113,279
109.99999999999999,1.7666666666666666,519
113.38729763387299,1.7951432129514322,269
119.0803019903912,1.861358956760467,509
60.744297719087626,1.2581032412965185,284
77.68286171916711,1.4383342231713827,381
70.0560448358687,1.3650920736589274,339
205.00667556742323,2.716288384512684,248
79.26470588235291,1.4529411764705882,558
127.50533049040513,1.9371002132196162,563
124.62686567164178,1.907734056987788,358
151.45145145145145,2.167167167167167,448
83.69501466275658,1.4967741935483867,314
106.96117804551537,1.7362784471218204,354
81.40735958683022,1.4764364105874759,371
54.74806201550388,1.2034883720930234,498
112.10340775558167,1.7837837837837835,59
186.7241379310345,2.521264367816092,363
85.57806912991657,1.5178784266984506,532
99.32634730538922,1.6571856287425148,503
102.41545893719808,1.6988727858293076,253
56.03621730382292,1.2223340040241448,43
96.96169088507266,1.654557463672391,232
165.76200417536535,2.3684759916492695,145
79.13978494623655,1.4594982078853047,470
76.61971830985915,1.4431924882629108,194
143.51676154332702,2.0936116382036687,35
79.07834101382488,1.502304147465438,323
90.44862518089725,1.5839363241678728,468
72.13389121338912,1.413389121338912,15
115.5592935239697,1.842724978973927,524
160.84056037358238,2.275517011340894,489
96.69172932330827,1.6330827067669171,402
82.01246660730187,1.4888691006233306,30
91.70779861796645,1.581441263573544,84
60.12195121951219,1.2621951219512195,593
65.76402321083174,1.321083172147002,148
63.15401621223289,1.287398673544584,474
95.0665622552858,1.6209866875489427,429
104.64839094159713,1.7133492252681761,290
79.88023952095807,1.4706586826347303,542
63.78830083565459,1.3231197771587746,115
70.13251783893983,1.3710499490316004,463
82.56794751640112,1.5173383317713212,290
123.38618346545867,1.9110985277463195,280
100.63613231552162,1.6755725190839696,305
91.90120620333143,1.5921883974727167,389
81.171875,1.496875,463
92.36749116607776,1.602826855123675,300
106.81051921780175,1.7410654079568444,121
71.29963898916968,1.3790613718411553,144
56.250000000000014,1.2228260869565217,299
62.89752650176679,1.3085983510011778,171
76.28865979381442,1.4311152764761013,420
96.8810916179337,1.6296296296296293,266
107.38341968911915,1.7344559585492227,391
112.01248049921995,1.7847113884555383,134
87.38698010849907,1.549276672694394,6
90.3874813710879,1.5633383010432191,49
81.32530120481927,1.4992469879518073,345
83.07934839726747,1.4834471886495006,371
58.73015873015874,1.2426303854875285,17
65.72541382667964,1.3203505355404088,509
95.53314121037462,1.6224783861671466,168
101.0416666666667,1.6754807692307694,121
172.28607918263094,2.3767560664112386,188
104.13080895008603,1.7045324153757888,154
92.35855988243938,1.5863335782512855,167
88.17427385892117,1.54149377593361,168
110.57007125890739,1.8129453681710215,334
191.14642451759366,2.775255391600454,408
48.580786026200876,1.1823144104803494,68
49.243697478991614,1.1756302521008406,270
162.46575342465755,2.2831050228310503,355
238.07053941908717,3.0456431535269712,265
221.4362272240086,2.8724544480171494,369
159.45165945165942,2.3203463203463204,67
60.76433121019109,1.2789808917197452,587
63.58595194085026,1.3234750462107208,345
76.84647302904565,1.4414937759336102,560
127.73938795656466,1.9348469891411648,365
81.25,1.4796875,161
121.94016319129648,1.8839528558476881,591
119.17539267015707,1.8475130890052358,309
59.225092250922515,1.2527675276752768,178
95.03843466107618,1.6610761705101327,535
107.7958894401134,1.7739192062367115,134
55.53168635875404,1.2298603651987112,68
112.59600614439323,1.7933947772657446,577
57.72727272727272,1.2424242424242422,171
74.77849970466627,1.4128765505020673,475
92.40710823909532,1.5864297253634896,168
74.59459459459462,1.3986486486486487,458
67.9144385026738,1.3368983957219251,114
117.49271137026238,1.8454810495626823,154
70.2882483370288,1.3780487804878048,16
104.6018991964938,1.7187728268809352,103
58.60215053763439,1.2508960573476702,30
82.15384615384616,1.4630769230769232,275
75.84014532243414,1.4132606721162577,18
129.2543021032505,1.9560229445506692,526
76.88751926040062,1.431432973805855,140
77.66990291262137,1.4280670785525154,291
143.8739789964994,2.0898483080513417,188
60.13167520117047,1.264081931236284,199
131.45009416195856,2.007532956685499,35
351.49253731343276,4.220149253731343,145
85.15283842794761,1.5080058224163029,101
72.21206581352834,1.3692870201096894,161
130.26819923371647,1.9565772669220947,309
73.99267399267399,1.4203296703296704,257
98.92384105960265,1.6490066225165563,428
79.0285273708558,1.4556669236700075,161
108.80626223091978,1.74853228962818,244
65.83990980834274,1.3156708004509585,251
74.12587412587413,1.4013986013986015,161
147.2766884531591,2.13362381989833,244
46.313799621928155,1.1209829867674856,199
97.92709077912794,1.6447462473195138,134
115.79476861167002,1.8309859154929575,478
81.98594024604571,1.4789103690685415,375
86.42599277978337,1.550902527075812,213
135.90078328981724,2.0156657963446474,334
55.89887640449438,1.2162921348314608,82
144.82006543075246,2.104689203925845,452
136.15819209039552,2.0879741727199357,145
139.86275733000625,2.1478477854023708,440
65.09253350350987,1.3056796426292276,60
54.61956521739131,1.203804347826087,43
49.20440636474909,1.1517747858017136,552
87.01923076923077,1.5304487179487178,587
76.6990291262136,1.4320388349514563,38
70.12750455373407,1.366120218579235,593
134.40545808966863,2.009746588693957,521
81.58522050059595,1.4797377830750895,595
72.85714285714285,1.4015873015873015,155
119.959812458138,1.8727394507702615,557
102.17238962859145,1.6811492641906094,121
145.5968688845401,2.1095890410958904,524
84.13566739606128,1.4835886214442013,558
102.73311897106112,1.684351554126474,501
82.14739517153747,1.4764930114358321,371
93.5251798561151,1.5863309352517985,221
73.20916905444125,1.3839541547277936,508
84.25196850393702,1.5039370078740157,132
102.8481012658228,1.6708860759493671,104
106.73546985334055,1.731667571971754,253
69.6763202725724,1.3622941510505395,140
97.07971586424624,1.6937647987371744,134
55.87583148558758,1.2239467849223946,415
76.4,1.4200000000000002,278
47.641509433962256,1.1367924528301887,539
105.73520439292253,1.7321537522879806,203
90.1639344262295,1.554484088717454,302
67.92097836312323,1.3367826904985889,148
134.8949919224556,2.003231017770598,3
90.56034482758619,1.607758620689655,506
80.91743119266054,1.4899082568807338,107
66.66666666666666,1.3197831978319783,110
125.66105769230771,1.944110576923077,358
82.01754385964911,1.4795321637426901,532
257.15622076707206,3.237605238540692,396
93.12839059674504,1.5804701627486437,155
62.1276595744681,1.2744680851063832,481
50.81618168914124,1.1589779985805537,115
81.4189189189189,1.501689189189189,228
93.7037037037037,1.5981481481481483,54
119.49910554561718,1.8568872987477643,152
101.05777054515866,1.673718470301058,152
66.95821185617103,1.3265306122448979,115
212.1418826739427,2.7844474761255116,221
144.07272727272726,2.122181818181818,229
66.58595641646488,1.3280871670702177,107
178.95894428152494,2.4787390029325516,61
120.41399000713777,1.9000713775874376,237
100.63593004769477,1.659777424483307,26
52.81531531531529,1.206081081081081,470
116.55405405405408,1.80945945945946,585
59.53420669577876,1.2605531295487629,132
69.69325153374233,1.3631901840490797,171
71.18644067796612,1.374495560936239,341
80.71065989847716,1.467005076142132,132
69.49509116409537,1.3625525946704067,114
95.19615692554044,1.6084867894315453,280
116.71368124118477,1.8667136812411849,59
60.60991105463786,1.2744599745870395,405
92.32000000000001,1.5848,168
89.06605922551253,1.5580865603644647,213
40.05134788189988,1.0539152759948653,209
92.62715818945404,1.5888940737284185,341
73.59705611775529,1.390984360625575,431
75.35575679172058,1.4146183699870636,558
62.601626016260184,1.2880371660859466,25
104.12087912087911,1.6978021978021975,203
67.33067729083666,1.3356573705179282,523
125.1726784343822,1.9163468917881807,313
66.8859649122807,1.3457602339181285,251
117.8904428904429,1.8479020979020977,393
109.37859608745684,1.7589182968929802,323
82.04545454545456,1.4926136363636366,144
103.32980972515855,1.6823467230443974,295
99.18166939443536,1.671849427168576,349
118.57265692175405,1.8598452278589852,244
155.58121632024637,2.223248652809854,396
59.22165820642979,1.245346869712352,479
129.94071146245062,1.9644268774703557,563
82.2530864197531,1.4899691358024691,69
125.39923954372622,1.935361216730038,574
136.10223642172528,2.0521831735889244,233
127.6814386640976,1.9466923570969814,59
98.40304182509506,1.6418250950570343,479
159.6014492753623,2.260265700483092,193
150.36968576709793,2.1719038817005543,67
79.22235722964763,1.4447144592952612,345
111.61904761904762,1.7765079365079364,155
152.83882783882783,2.3122710622710625,440
69.44827586206898,1.3675862068965519,463
89.32275777913364,1.5619280048810251,375
87.72321428571428,1.5479910714285712,369
75.04091653027824,1.400163666121113,587
115.2173913043478,1.855072463768116,59
53.08056872037916,1.1974723538704584,299
74.53476983349657,1.395690499510284,443
79.44803288314736,1.4539048737522018,341
62.1454357916452,1.2836513666838578,339
62.980769230769255,1.2798076923076922,50
67.03056768558953,1.3420669577874818,30
114.49275362318838,1.8040327662255826,503
70.55664062499999,1.3623046875,409
112.46537396121884,1.8178670360110805,577
124.06947890818859,1.900744416873449,121
98.23008849557522,1.6283185840707963,526
49.134487350199734,1.1278295605858855,68
62.65718972115909,1.2864953526517222,546
73.78571428571426,1.4021428571428567,305
256.3291139240506,3.27124773960217,238
107.6539101497504,1.718801996672213,463
166.16242038216564,2.325636942675159,454
86.23326959847036,1.4818355640535374,16
139.22955974842768,2.0455974842767293,188
153.1003382187148,2.1871476888387824,585
141.26659856996932,2.0766087844739527,42
79.62962962962962,1.452279202279202,161
94.79060265577121,1.6506639427987744,476
119.92574257425743,2.0792079207920793,408
180.69230769230768,2.4969230769230766,1
166.41221374045801,2.3676844783715008,325
127.3188405797101,1.9507246376811591,1
96.27560521415269,1.6238361266294228,330
75.67185289957568,1.4328147100424327,82
140.94284791733938,2.0997739748143367,369
58.46560846560847,1.246031746031746,474
98.93816364772019,1.6533416614615863,365
81.60676532769556,1.4672304439746302,415
102,1.6936000000000002,203
120.52067381316998,1.894333843797856,243
119.26406926406928,1.8917748917748916,393
138.40985442329227,2.0543113101903696,121
66.41679160419791,1.3193403298350825,16
67.74595267745951,1.3412204234122043,271
256.38474295190713,3.225538971807629,248
160.2664576802508,2.5211598746081507,408
84.875301689461,1.5277554304102978,166
168.8415446071904,2.632490013315579,408
141.84615384615384,2.0738461538461537,570
94.24617625637289,1.6198106336489437,203
115.12005191434136,1.7942894224529529,426
59.81675392670158,1.2774869109947644,43
83.81601362862008,1.5255536626916522,161
51.33836650652025,1.1832532601235415,456
62.08031599736669,1.2942725477287689,142
81.78913738019168,1.487220447284345,186
101.86046511627906,1.7041860465116279,154
55.70953436807095,1.2261640798226163,2
86.17511520737327,1.5282258064516128,75
66.32029339853301,1.3349633251833743,427
70.63197026022304,1.3816604708798017,142
88.18249813014208,1.56320119670905,34
83.22910744741328,1.5321205230244455,515
87.63608087091758,1.5528771384136857,420
98.39766933721774,1.6642388929351783,22
49.05566600397615,1.1615308151093442,68
86.06811145510838,1.536045997346307,341
88.62190812720851,1.5660777385159015,215
78.00000000000001,1.4489655172413796,345
66.33165829145727,1.336683417085427,593
113.05620608899297,1.8108899297423888,261
89.08742820676451,1.5871091257179322,479
85.7276119402985,1.540578358208955,515
126.88320663441604,1.946786454733932,65
118.42105263157893,1.864791288566243,3
57.6592082616179,1.2538726333907058,209
109.24170616113749,1.7717219589257507,515
223.25102880658437,3.0041152263374484,407
173.20261437908496,2.488562091503268,8
106.35294117647058,1.747294117647059,154
69.22343973320629,1.362553596950929,161
89.1402714932127,1.5814479638009051,215
59.135802469135776,1.2530864197530862,190
92.44911359159556,1.5988181221273803,215
83.38509316770185,1.4912008281573499,152
179.98683344305462,2.455562870309414,35
75.75757575757575,1.4104084321475627,420
87.24584103512015,1.5181762168823167,294
119.42857142857144,1.8406349206349208,323
124.98004788507582,1.8978451715881883,350
175.94654788418705,2.406458797327394,578
79.65686274509804,1.4381127450980393,152
116.35449977158521,1.8113293741434446,255
186.71378091872793,2.5187279151943462,145
73.93728222996516,1.3658536585365852,257
76.49074708704593,1.387251542152159,286
109.52874158467117,1.7255308130502331,576
128.86435331230285,1.910883280757098,241
51.78282009724473,1.145056726094003,68
131.94372068785827,1.9739447628973426,22
63.68767638758229,1.300094073377234,310
121.08559498956157,1.8538622129436326,570
71.42857142857142,1.3386243386243384,60
178.21199143468957,2.4507494646680943,145
70.5657978385251,1.3706293706293706,532
89.57703927492449,1.5574018126888218,414
74.40273037542661,1.4197952218430032,337
68.47484276729558,1.3679245283018866,152
61.979166666666686,1.3035714285714286,213
111.55997513983841,1.7880671224362956,241
74.63080168776372,1.408227848101266,469
97.66933721777129,1.6511289147851418,155
138.80048959608325,2.05875152998776,26
76.90802348336597,1.4337899543378996,558
76.891495601173,1.4269794721407623,375
57.28456292622441,1.2455052696838187,411
65.08742244782853,1.320360970107163,597
124.12451361867703,1.9114785992217898,311
158.10684161199623,2.2446110590440487,358
151.7418032786885,2.2085040983606556,473
67.89333333333335,1.3445333333333334,366
120.31802120141342,1.9110718492343932,570
73.27217125382262,1.4018348623853212,558
167.52669039145908,2.380782918149466,3
85.79505300353361,1.5349823321554774,350
58.6378737541528,1.2702104097452933,480
51.90571715145437,1.2261785356068204,310
82.33983286908078,1.498050139275766,436
74.94703389830508,1.4147245762711864,327
62.58768511301638,1.2969602494154326,142
63.831018518518526,1.3032407407407407,142
54.01826484018264,1.2041095890410958,261
91.6022099447514,1.586740331491713,500
75.42997542997544,1.414004914004914,114
88.82539682539682,1.5447619047619046,75
179.42497753818506,2.4618149146451036,67
169.91391028545536,2.363389216130494,26
73.77049180327869,1.4023845007451565,532
58.628485305199675,1.2592313489073097,40
168.55742296918766,2.391456582633053,35
63.82806163828062,1.3195458231954582,93
61.25273124544792,1.291332847778587,199
119.09233176838814,1.8661971830985915,389
157.2901325478645,2.27540500736377,203
72.75494672754948,1.4079147640791476,70
120.31718816973853,1.879554222031719,26
120.25883524141365,1.882030861124938,554
74.2260619150468,1.4125269978401727,152
98.85844748858447,1.6621004566210047,244
129.7760838494521,1.983801810385898,22
228.18181818181822,3.026446280991736,139
90.84158415841586,1.5934405940594059,166
117.73444753946143,1.8412256267409468,3
137.9676158570631,2.037967615857063,358
131.49671052631578,1.9950657894736838,203
137.12446351931328,2.0493562231759657,67
106.65571076417419,1.7378800328677073,121
96.66947723440137,1.6446037099494097,506
98.55172413793105,1.6600000000000001,500
289.8688915375447,3.593563766388558,135
61.315280464216634,1.2753062540296582,484
127.38412360149174,1.9552477357485347,585
98.70290302655961,1.6578134651019147,298
82.10116731517509,1.491569390402075,144
66.51270207852194,1.327944572748268,411
127.12850343733476,1.9375991538868325,188
86.04294478527609,1.525306748466258,341
60.84745762711865,1.2711864406779663,40
71.34146341463415,1.3853658536585365,142
173.8567730802416,2.4150129421915447,175
131.45258103241298,1.9741896758703479,197
92.87782281412856,1.5888824551244933,49
86.53712699514224,1.5315752949340733,424
127.60416666666666,1.934375,358
119.12442396313365,1.883640552995392,8
92.52830188679243,1.6015094339622642,241
56.63338088445079,1.2353780313837375,209
75.53041018387555,1.4405940594059405,337
117.99163179916317,1.8417015341701533,244
71.73601147776183,1.4002869440459111,125
153.99797570850205,2.223684210526316,145
115.01240694789081,1.825682382133995,203
84.32080924855492,1.5166184971098267,257
74.94287890327493,1.4051789794364051,240
89.34049079754604,1.555981595092025,371
105.49530007230659,1.7136659436008677,195
78.88563049853371,1.4486803519061584,242
91.50943396226415,1.5714285714285714,373
87.10280373831776,1.5314641744548287,373
103.07434320849637,1.6998323085522642,230
90.75067024128688,1.57171581769437,450
165.16235553109524,2.3362685745734724,361
67.47700394218134,1.3515111695137978,388
104.37226733291693,1.7282948157401623,506
71.03548153511947,1.3714699493120925,367
169.37984496124028,2.362679955703211,175
138.5234899328859,2.069127516778524,155
72.50000000000001,1.3629032258064517,546
77.1899392888118,1.4215091066782308,284
75.84313725490198,1.3937254901960787,36
64.49760765550239,1.2688995215311005,60
70.67448680351906,1.303030303030303,374
115.02590673575128,1.765112262521589,203
80.72607260726072,1.452145214521452,152
96.33333333333334,1.5466666666666666,75
96.12135176651306,1.6278801843317974,506
94.79392624728851,1.5808026030368765,258
89.24812030075185,1.496240601503759,152
118.16557474687315,1.7820131030375228,244
167.70025839793283,2.2183462532299743,195
91.42300194931772,1.532943469785575,101
121.08540925266904,1.813167259786477,570
126.63358147229116,1.8370554177005793,295
69.26952141057934,1.2128463476070528,40
93.91100702576112,1.490632318501171,150
72.09492635024549,1.2913256955810146,148
85.01712328767121,1.5248287671232876,161
90.95182138660401,1.5916568742655701,258
82.7205882352941,1.5073529411764706,532
113.26053042121687,1.8216328653146128,280
83.41506910387872,1.5180561747659382,166
124.60901563937443,1.9448022079116833,389
128.17164179104478,1.9622201492537314,576
140.51063829787236,2.0970212765957448,551
163.98747390396662,2.315240083507307,22
135.68862275449104,2.022355289421158,120
78.5744954916273,1.4482610562473164,230
70.55837563451777,1.3725888324873097,257
81.94594594594595,1.4302702702702703,234
83.48783314020855,1.4687137891077633,367
78.20910973084885,1.4316770186335404,241
109.19540229885061,1.5919540229885059,450
67.78242677824265,1.3169456066945604,60
112.41610738255035,1.7637583892617452,22
85.2501624431449,1.4756335282651074,200
90.30976965845909,1.575059571088165,335
76.06382978723403,1.4376208897485492,375
141.24386252045826,2.095744680851064,321
129.08366533864543,1.9476380193511669,436
62.261484098939945,1.2742049469964667,40
94.93927125506072,1.6086369770580298,84
69.88485385296723,1.3507528786536758,580
80.43478260869566,1.4642857142857142,84
95.9231217239371,1.6097845078625508,49
88.72727272727272,1.5414545454545454,257
128.4757118927973,1.935790061418202,585
79.07673860911272,1.4382494004796165,76
138.3654937570942,2.038592508513053,175
202.08978328173376,2.6756965944272446,69
65.25951557093428,1.3231833910034603,429
173.86018237082067,2.4062816616008105,211
91.88118811881189,1.592739273927393,241
70.23330651649238,1.3845534995977475,198
74.08560311284047,1.395330739299611,94
66.14821591948767,1.332113449222324,273
75.54076539101496,1.4126455906821962,161
105.24722502522705,1.7305751765893036,166
86.98123934053442,1.5406480955088118,183
74.25742574257428,1.4133663366336635,48
98.42424242424242,1.6624242424242426,121
73.98843930635839,1.4140830267997897,41
110.47512158623272,1.7983539094650207,195
137.42473367299675,2.0444650301065304,358
68.35051546391752,1.3608247422680413,50
126.7105263157895,1.940789473684211,203
84.49704142011835,1.514792899408284,241
66.25954198473282,1.3384223918575064,462
96.7326732673267,1.6326732673267326,341
121.34251290877793,1.890418818129661,37
222.37218813905932,2.898568507157464,26
70.22619673855867,1.3577064702788006,40
85.32507739938082,1.504643962848297,410
190.78189300411523,2.565432098765432,67
77.53191489361704,1.442553191489362,546
95.18255578093309,1.637423935091278,157
65.69037656903765,1.2775453277545328,209
90.34653465346535,1.5550742574257426,142
74.61669505962519,1.387563884156729,424
79.17146144994246,1.4154200230149596,540
68.65101037684326,1.3353358820316767,257
125.6692913385827,1.9098425196850393,491
66.71608598962194,1.3157894736842106,456
64.36363636363636,1.2829090909090908,273
72.1948212083847,1.3964241676942046,567
78.18930041152262,1.472336534064929,525
71.3559984368894,1.3911684251660803,2
58.910597986974565,1.2895204262877444,273
91.60387513455328,1.608719052744887,84
128.59209257473483,1.988910318225651,535
113.57913669064747,1.8498201438848922,8
63.277164439279495,1.327135386403254,152
100.77059869590992,1.6917605216360403,366
150.47169811320757,2.1949685534591197,106
67.11899791231733,1.3580375782881002,546
61.03047895500724,1.2989840348330914,575
173.15875613747954,2.4279869067103106,306
109.9829835507657,1.7952353942144073,526
65.9368635437882,1.3385947046843178,283
170.021978021978,2.376263736263736,306
94.99675113710198,1.632228719948018,450
94.83636363636364,1.6421818181818182,215
71.21729237770191,1.4260523321956768,457
56.79534637757801,1.2570068746694871,68
75.33992583436341,1.4388133498145859,50
107.23716381418093,1.7613691931540345,155
114.78494623655912,1.8241167434715821,585
76.55502392344499,1.4513556618819778,462
81.05088953247828,1.4968969797269343,462
69.57484499557131,1.3773250664304695,510
72.13883677298311,1.4080675422138837,436
56.15321923390382,1.2379788101059492,94
92.25712198685171,1.5938641344046751,569
114.77855477855479,1.8275058275058278,241
95.69945625308945,1.6193771626297577,599
86.93522046815458,1.5329341317365266,597
75.62500000000001,1.4206250000000002,161
87.19596145020651,1.5162918770078015,337
99.48717948717947,1.6730769230769227,257
111.58260869565217,1.7839999999999998,373
146.36441402908466,2.1441402908468774,473
71.47751605995715,1.382869379014989,595
70.17434620174346,1.3711083437110834,456
189.39507094846905,2.6019417475728157,599
73.48837209302324,1.4160206718346255,16
121.43939393939394,1.8727272727272728,154
75.9981642955484,1.4543368517668656,152
88.04733727810651,1.5355029585798816,420
97.9285134037368,1.6393176279447603,341
87.04261730520878,1.5346534653465347,424
81.46367521367522,1.4700854700854702,475
74.55470737913484,1.4287531806615772,287
154.00582665695558,2.227239621267298,35
122.41066020593581,1.8927922471229557,585
102.44996549344376,1.694271911663216,350
86.91699604743083,1.559683794466403,509
103.09794988610477,1.7020501138952162,30
91.73960612691467,1.586980306345733,409
76.15539182853318,1.4427327528466178,258
139.87628865979383,2.0742268041237115,26
133.79120879120876,2.0254120879120876,213
81.28386827844936,1.4922884535223009,152
103.49563046192259,1.6891385767790261,298
64.55223880597015,1.3451492537313432,312
96.91538140892038,1.6527719883284702,420
67.69662921348315,1.3422284644194757,510
75.47826086956522,1.4204347826086954,294
102.45398773006136,1.6799591002044991,183
72.69096355466799,1.3764353469795307,162
174.8213304013194,2.4650907091808687,98
112.88079470198677,1.8069536423841064,103
65.15716568993074,1.3590836441129461,312
74.56724367509986,1.4127829560585885,456
136.35794743429287,2.0250312891113893,598
88.76018876018877,1.5860145860145862,314
109.88372093023256,1.7801268498942915,30
104.0347071583514,1.7167028199566161,574
63.84180790960452,1.2847457627118644,94
84.63157894736844,1.497543859649123,388
146.48033126293996,2.1237060041407867,3
88.97338403041827,1.5544993662864386,596
141.22486288848265,2.0658135283363808,294
110.25287356321837,1.754942528735632,75
119.30883159626988,1.841470104223807,491
90.45718432510886,1.5707547169811322,161
79.58115183246073,1.4397905759162306,287
97.37072743207715,1.6240140227870292,298
107.26978998384492,1.7183629509962306,266
72.1354166666667,1.3730468750000004,532
106.11439842209072,1.6883629191321499,341
87.16315531602156,1.5262126408623224,371
134.4590368980613,1.9843652282676674,188
201.25482625482624,2.6766409266409266,358
92.46395806028833,1.5629095674967235,75
66.77037958929682,1.343497199751089,337
62.0866590649943,1.2793614595210945,68
98.33597464342314,1.6299524564183836,168
68.36945304437563,1.350361197110423,510
78.20316488004086,1.44104134762634,515
98.43181181741811,1.6715205824698967,409
75.11835875854813,1.4234613361388742,456
97.51861042183623,1.6358560794044668,75
83.00970873786406,1.495145631067961,223
52.327044025157235,1.161006289308176,339
96.4650145772595,1.6250000000000002,535
78.51284855112083,1.4373974849644617,532
69.85796948974226,1.355076275644398,148
90.82397003745318,1.5585205992509366,389
140.71888412017165,2.0659871244635193,184
88.72950819672133,1.5516393442622953,571
186.4541832669323,2.545247581104155,490
67.65746638358102,1.3503184713375795,14
133.28785811732607,1.9931787175989086,280
93.58974358974358,1.6267258382642995,258
68.67119301648886,1.358874878758487,2
82.3139277818718,1.4834193072955049,144
143.24669791222834,2.1184490839369405,233
90.07238883143744,1.568252326783868,583
108.45447589900536,1.7601377199693957,350
90.94437257438554,1.5795601552393277,298
146.38069705093832,2.1407506702412866,349
100.45024763619992,1.6794236830256641,266
119.8053163609135,1.8618494945713215,585
81.67379352474036,1.4832009773976784,546
85.11099079588521,1.5240931239848403,44
145.75270580518202,2.137094129222696,175
111.21894409937889,1.7934782608695654,152
104.13016270337923,1.7058823529411766,152
177.1662763466042,2.433255269320843,67
76.32911392405065,1.4259493670886076,144
284.8780487804878,3.527642276422764,361
102.73421793325291,1.698833936469642,38
86.01359003397508,1.543035107587769,515
130.0482425913163,1.9869055823569952,160
63.12977099236641,1.3114503816793894,50
100.68385060494478,1.6875328774329303,30
99.29441949967925,1.6555484284797946,482
69.31608133086876,1.3696857670979667,205
84.37768240343347,1.5193133047210299,515
118.31637372802959,1.854764107308048,526
83.38314405260012,1.4949193066347877,38
93.52667011910927,1.6240290005178664,151
109.36170212765961,1.7560283687943268,244
85.54560260586318,1.538273615635179,512
195.1776649746193,2.5913705583756346,479
153.0091478093404,2.1940298507462686,175
105.668016194332,1.7526315789473683,391
92.3272035510463,1.5928979074191505,257
122.80130293159608,1.9142236699239954,260
87.43801652892562,1.5570247933884298,546
71.42857142857142,1.385593220338983,198
80.21844660194174,1.4714805825242716,365
85.1433536055604,1.5438748913987839,287
77.22918201915992,1.4465733235077376,196
103.32581736189404,1.7034949267192787,75
72.63294422827495,1.4059662775616082,198
80.56980056980059,1.4792022792022794,339
94.17293233082708,1.6212406015037597,389
173.1082654249127,2.4365541327124562,349
133.04473304473305,2.018759018759019,526
248.78655880522712,3.202240199128811,136
144.42508710801394,2.1236933797909407,490
346.96406443618343,4.152416356877324,26
121.15869017632244,1.8803526448362722,389
59.281842818428174,1.282520325203252,429
94.79623824451409,1.6018808777429463,491
72.54464285714286,1.4508928571428572,467
132.5542570951586,1.9955481357818587,526
161.43740340030914,2.2913446676970635,98
128.41068917018285,1.9540553211439289,585
89.08803373748023,1.5730100158144438,509
145.87114337568056,2.176043557168784,248
110.21782178217822,1.7655445544554456,258
94.44280224652677,1.6192728347620458,574
68.64406779661016,1.357926221335992,294
86.02329450915141,1.5352190793122575,532
140.831002796644,2.0691170595285655,188
72.34468937875751,1.4060120240480962,411
85.73619631901842,1.52569018404908,412
72.60402057035996,1.402992052360916,336
67.21778791334094,1.3517673888255417,294
97.20052083333334,1.6380208333333335,3
113.28205128205127,1.789230769230769,183
107.42753623188408,1.7173913043478264,154
77.43248242693306,1.45763965963744,424
70.49263585576435,1.3641442356526154,2
123.49921011058451,1.90086887835703,350
79.32517366854118,1.4710552431359578,161
92.83276450511944,1.6020477815699656,341
189.61973278520043,2.5596094552929087,23
214.96799606105367,2.8104382077794194,361
64.9469964664311,1.3166077738515902,148
69.8715596330275,1.3757798165137614,409
127.81119851920408,1.947246645071726,160
82.0552147239264,1.500511247443763,422
97.67277856135401,1.6368124118476728,54
83.01337987201862,1.4840023269342641,336
63.66538952745848,1.3071519795657727,294
107.2842438638163,1.7996832937450513,506
70.35692679975803,1.401088929219601,196
79.46966653274407,1.502611490558457,312
197.0018450184502,2.6868081180811814,26
70.57728119180634,1.378646803227809,394
70.3896103896104,1.4218181818181819,310
86.0377358490566,1.5154716981132077,593
88.48167539267017,1.556719022687609,584
109.90818668706959,1.7605202754399385,154
145.79881656804733,2.098816568047337,26
65.67717996289424,1.287569573283859,94
68.33013435700576,1.3595649392194498,467
107.54980775952463,1.768961901433065,373
103.48314606741576,1.6696629213483147,375
282.6984126984127,3.377777777777778,482
86.03580562659847,1.5084398976982099,424
124.21652421652425,1.8712250712250713,160
107.69001490312964,1.7561847988077495,466
138.7123745819398,2.0827759197324416,8
82.62599469496021,1.4973474801061009,337
76.08142493638675,1.4185750636132313,287
156.567242281528,2.2428048142333856,445
153.36414997431945,2.190035952747817,175
225.29021558872304,3.067164179104478,349
153.45115038346114,2.2257419139713237,145
169.637526652452,2.3837953091684434,35
74.81268011527379,1.4236311239193085,368
81.57503714710253,1.4933135215453195,375
126.34493670886076,1.92998417721519,585
98.33702882483371,1.6524390243902443,294
70.66139061616732,1.3860938383267383,411
63.21506154960173,1.3222302679217957,294
61.34766432410086,1.3141794129805702,82
66.05128205128203,1.3507692307692305,310
75.54744525547443,1.4445255474452554,509
168.10922205048945,2.342091705306543,311
90.16159695817491,1.574619771863118,215
143.67884961054526,2.1072498502097066,103
83.58276643990929,1.509750566893424,371
184.49048152295632,2.554871220604703,98
68.7908496732026,1.386710239651416,50
118.7362878455463,1.8736287845546293,585
65.46644844517185,1.397708674304419,198
128.25670498084293,1.98227969348659,244
108.59073359073359,1.787162162162162,121
70.47325102880659,1.427469135802469,410
64.51070978580428,1.346493070138597,429
71.03448275862068,1.4245210727969349,148
111.65444172779135,1.8019559902200488,154
116.78832116788318,1.8664233576642335,160
103.21694782267554,1.7571596704590033,221
144.48348559381586,2.1644413211524944,32
151.73288250211326,2.2286559594251902,473
122.4320241691843,1.9055891238670695,188
141.4068745003997,2.105515587529976,582
73.9983646770237,1.4333605887162713,546
123.05099030762747,1.928782132321955,584
60.50808314087761,1.3310238645111625,68
131.32911392405063,2.009493670886076,154
67.47474747474746,1.3696969696969696,73
54.993834771886554,1.2268803945745992,338
188.3190883190883,2.579059829059829,358
105.90238365493758,1.750851305334847,584
103.59911406423035,1.7093023255813955,44
79.35883014623172,1.484814398200225,475
122.25705329153604,1.9053291536050156,585
101.10159118727051,1.6878824969400246,585
119.22209695603159,1.8771138669673058,241
71.71270718232046,1.4607734806629835,144
80.98455598455598,1.4971042471042473,584
72.4100327153762,1.3805888767720826,150
128.3115671641791,2.0531716417910446,55
100.9090909090909,1.6575757575757573,445
73.46421785940466,1.4249525015832802,571
67.22955145118735,1.3345646437994723,148
77.21193415637859,1.4449588477366255,548
79.33753943217665,1.4663512092534174,475
103.89755011135857,1.7438752783964369,436
150.64034151547492,2.1840981856990394,361
127.07898035938152,1.9565399080651902,585
72.54901960784314,1.3823529411764708,371
66.40316205533597,1.3699604743083005,510
105.9726962457338,1.6843003412969284,375
86.60194174757282,1.5320388349514564,582
86.94158075601376,1.506872852233677,327
85.8108108108108,1.5341055341055339,230
116.89008042895443,1.8521000893655049,506
113.10107948969579,1.795387634936212,585
124.0577012563983,1.9446254071661235,432
133.9561332250203,2.029244516653127,55
82.79515640766904,1.5282542885973764,497
172.64150943396223,2.5208333333333335,55
132.00734394124848,1.996328029375765,98
83.62533692722373,1.501347708894879,230
122.33231707317071,1.8795731707317074,358
97.58551307847083,1.631388329979879,349
81.95418419822346,1.4815334268349694,287
150.33516148689822,2.177330895795247,98
173.62893815635937,2.3978996499416567,67
102.29268292682929,1.685365853658537,215
88.62763915547025,1.545585412667946,499
179.19216646266833,2.454712362301102,490
90.80252479711453,1.5667267808836793,230
116.23697202413605,1.8453099286889743,334
127.53894080996886,1.9470404984423675,420
99.16049382716048,1.6617283950617285,314
134.9244232299125,2.0401750198886237,265
134.24153166421206,2.0147275405007363,160
70.96774193548386,1.4186535764375876,234
75.47051442910919,1.4422835633626099,156
129.12087912087912,1.9713064713064712,160
119.38514090520927,1.8548249359521778,585
60.935910478128186,1.2970498474059002,68
78.12244897959184,1.4555102040816328,257
131.02736189984512,1.9716055756324213,250
92.91237113402062,1.580541237113402,241
66.82743837084675,1.344051446945338,285
140.8199643493761,2.050356506238859,3
83.11926605504587,1.4770642201834863,436
90.20475926950748,1.57830658550083,492
79.71014492753623,1.4685990338164252,242
102.71428571428574,1.705714285714286,517
64.30903155603917,1.3427638737758434,498
89.00675024108004,1.5877531340405018,202
81.74358974358972,1.4917948717948717,232
94.9285714285714,1.6235714285714284,140
110.375,1.773125,419
88.44537815126048,1.5661764705882353,247
65.16245487364624,1.3164861612515044,401
79.5031055900621,1.4465148378191857,341
81.6289592760181,1.4805429864253392,516
88.6063072227874,1.5371312309257377,112
97.55620723362657,1.6389703486477676,152
119.63007159904532,1.8627684964200475,167
109.12743972445466,1.762342135476464,167
74.24684159378035,1.4023323615160348,470
100.33783783783781,1.6670420420420415,266
78.26433121019109,1.4482484076433122,498
123.30204307012697,1.9558255107675315,39
68.76640419947508,1.3952755905511813,435
64.69594594594594,1.3643018018018016,273
58.29959514170042,1.3421052631578947,273
198.87179487179486,2.729230769230769,416
55.31453362255964,1.2733188720173534,148
65.41837331772967,1.3563487419543592,273
55.090497737556554,1.2771493212669682,481
155.95166163141994,2.2501510574018124,581
71.3270142180095,1.406793048973144,273
88.9326334208224,1.5905511811023625,453
112.41415742208136,1.815108293713682,309
72.05882352941177,1.4098039215686275,483
87.22397476340694,1.5630914826498423,512
84.955185659411,1.5224071702944941,295
87.90575916230367,1.544502617801047,438
82.78388278388277,1.503205128205128,380
116.0282258064516,1.840725806451613,585
80.41733547351525,1.5008025682182984,512
82.91913214990137,1.519921104536489,481
76.44710578842317,1.4530938123752495,68
93.52972119936877,1.6123093108890056,517
140.78947368421052,2.0837950138504153,526
130.1823416506718,1.9616122840690977,35
100.06097560975608,1.6786585365853657,492
83.31084120557803,1.543409806567701,173
66.58270361041141,1.3887489504617967,435
53.47670250896057,1.2473118279569892,68
127.87488500459983,1.9429622815087397,188
101.71555063641394,1.6757055893746542,256
57.2072072072072,1.2195945945945947,490
97.20357941834455,1.6331096196868011,21
53.909952606635045,1.2061611374407581,68
78.63945578231294,1.4693877551020407,208
135.26041666666666,2.025520833333333,471
59.849906191369605,1.2917448405253282,252
105.86522462562395,1.7362728785357737,577
144.56796361798888,2.1076301162203133,535
130.12820512820514,1.9807692307692308,416
169.48509485094849,2.5485094850948506,98
87.68149882903981,1.5629976580796254,108
94.45129469790382,1.6122071516646117,324
63.30798479087453,1.341254752851711,142
79.46790052053211,1.4557547715442454,45
121.9839142091153,1.9137622877569258,39
80.76082203760386,1.4783559247923042,81
68.61089792785879,1.3844973138910208,498
127.95969773299747,1.9536523929471032,188
71.65354330708662,1.3982002249718788,118
146.98952879581154,2.155104712041885,477
75.57427258805514,1.447166921898928,498
105.24439918533605,1.7382892057026478,496
62.48780487804879,1.3473170731707318,527
65.1318730442557,1.3285650424675906,435
82.58458125346645,1.5241264559068222,257
119.79776476849386,1.8738690792974986,430
146.9486823855756,2.181692094313454,35
65.45545047287207,1.3220507715281231,140
151.80623973727418,2.1830870279146137,346
65.26032315978458,1.3168761220825853,529
109.92578849721706,1.7704081632653061,152
66.48936170212765,1.3475177304964538,10
78.77889745109663,1.4653230586840544,328
73.42964824120602,1.4522613065326633,78
84.81244281793232,1.5480329368709975,337
116.23134328358209,1.8271144278606966,276
72.55460588793922,1.3912630579297243,202
86.55913978494623,1.5303030303030303,337
96.36942675159237,1.623566878980892,27
72.64150943396224,1.4048742138364778,560
91.27459366980324,1.5705731394354148,403
106.75772825305536,1.7289719626168225,75
88.8942539835828,1.55045871559633,202
145.3562103692652,2.148825065274152,233
155.40865384615387,2.217548076923077,341
75.79265223955713,1.428283844992451,131
77.70345596432551,1.4604236343366774,68
89.90129081245252,1.55960516324981,541
91.17971334068356,1.6504961411245866,546
87.13615023474179,1.5295774647887324,341
100.45118949958984,1.6689909762100086,492
91.97183098591552,1.5845070422535212,514
142.85714285714292,2.2397020157756358,363
182.81511200267468,2.5269140755600135,175
75.38815411155836,1.4307073030477284,202
77.94638340920588,1.4446130500758727,143
110.6492027334852,1.797266514806378,152
171.1290322580645,2.4024193548387096,520
112.54794520547946,1.7928767123287672,134
97.15808170515099,1.6412078152753111,133
86.18538324420678,1.5655080213903745,521
192.7144535840188,2.6028202115158634,311
77.3231031543052,1.4501278772378514,127
104.48456610366921,1.7093768200349448,468
129.54924874791317,1.9849749582637728,61
94.345579793341,1.6153846153846156,131
147.1629042098841,2.137888956680903,598
108.8721804511278,1.7689223057644108,133
101.37844611528823,1.6885964912280702,49
70.23047375160051,1.3905249679897569,16
103.22410147991543,1.8033826638477801,512
83.94629305312317,1.5323992994746058,83
75.7905650596164,1.4219803006739244,152
142.49635745507527,2.088878096163186,359
62.865221489161186,1.292177191328935,173
115.38104089219333,1.828996282527881,9
122.15810732833236,1.908828620888632,379
67.70712909441232,1.3383429672447011,142
130.53728070175436,2.0038377192982453,39
78.39388145315486,1.491395793499044,401
135.76642335766422,2.031443009545199,430
89.5600298284862,1.5727069351230425,92
67.8167757287329,1.3723973825104105,99
95.5151515151515,1.6466666666666665,430
85.11182108626198,1.5348242811501598,85
83.71303926320891,1.517692680562288,257
85.98365807668134,1.5235700817096167,9
102.09102091020912,1.6838868388683885,500
70.03081664098613,1.3875192604006166,374
93.01643192488265,1.6203051643192488,375
71.15804806991987,1.3940276766205388,209
85.1923076923077,1.544230769230769,140
214.8767605633803,2.8450704225352115,3
72.02797202797203,1.3916083916083914,208
71.2889431887599,1.3775198533903479,126
68.09974204643164,1.351676698194325,182
85.31518624641834,1.5343839541547277,215
103.17848410757946,1.6963325183374083,471
82.52427184466022,1.480955937266617,312
199.393479909022,2.6497346474601975,96
94.189852700491,1.6031096563011458,512
78.44396859386153,1.467523197715917,360
61.52705707931803,1.312824314306894,575
75.7422615287429,1.4409349336702464,113
83.27974276527334,1.4962486602357987,320
85.57475582268971,1.5289256198347108,182
114.11161000641434,1.826170622193714,521
105.34402137608552,1.72812291249165,389
99.45017182130587,1.65979381443299,154
84.99999999999997,1.5325301204819275,340
88.8285492629946,1.5640031031807604,49
113.91200951248514,1.8192627824019028,313
162.48995983935743,2.316465863453815,67
74.16467780429595,1.486276849642005,141
121.9243657252274,1.9310674964097656,39
82.74336283185843,1.5940265486725664,238
114.70588235294119,1.8335724533715925,506
135.4241338112306,2.032258064516129,293
80.19726858877085,1.502276176024279,457
180.3960396039604,2.4871287128712867,455
256.7149758454106,3.2454106280193233,361
87.04103671706262,1.5471562275017998,409
100.1519756838906,1.6869300911854106,79
188.4584980237154,2.670355731225296,358
74.78540772532186,1.4281115879828326,162
79.59413754227734,1.4949267192784665,105
100.50505050505048,1.6710858585858583,420
71.64480322906157,1.3743693239152373,164
123.02459445316592,1.9319727891156464,134
170.35541195476577,2.4353796445880453,363
165.82491582491582,2.36952861952862,67
85.94150846587995,1.5192406362237048,461
90.7741935483871,1.5864516129032258,247
80.38348082595871,1.457227138643068,86
88.52459016393442,1.5271122320302648,247
91.67437557816835,1.5869565217391302,252
71.73782321106435,1.4119061936259771,252
86.67810177244141,1.546026300743282,290
80.31555221637866,1.4793388429752066,433
77.25409836065575,1.4549180327868854,5
96.17058311575282,1.6161879895561353,154
105.39466212379331,1.7166382737081205,451
183.363802559415,2.4954296160877516,225
108.87892376681614,1.7946188340807174,599
69.03945111492283,1.3662092624356776,269
87.5069405885619,1.5424764019988895,340
102.73466371027344,1.7339246119733922,574
72.67489711934155,1.4320987654320987,111
98.91146589259797,1.6727140783744556,133
113.39198435972628,1.8059628543499509,341
114.49934980494152,1.832249674902471,521
90.64919594997023,1.5759380583680762,375
142.76875483372004,2.122969837587007,133
79.04130545639981,1.4757776644569098,131
68.90874882408276,1.3560677328316084,131
67.78588807785889,1.3630170316301704,474
121.21212121212123,1.8848484848484852,521
71.08433734939759,1.381835032437442,497
114.35158501440925,1.8691642651296834,446
86.48383937316359,1.557296767874633,150
117.26190476190477,1.8581349206349207,262
80.87291399229782,1.496790757381258,284
109.28571428571428,1.7989795918367346,163
110.54502369668245,1.799170616113744,134
122.40995998221432,1.8821698532681193,600
154.44382336500837,2.3303521520402457,363
119.89708404802744,1.8930817610062893,600
68.65079365079366,1.3809523809523812,336
77.19626168224298,1.475389408099688,340
131.64621676891616,1.9815950920245402,248
82.09459459459461,1.5033783783783787,529
195.0294860994103,2.796124684077507,440
122.28479485116654,1.9026548672566372,517
70.96512570965123,1.3860502838605027,401
77.89382071366406,1.4547432550043515,481
65.60810810810813,1.414864864864865,450
99.24942263279448,1.6506928406466514,349
87.99313893653517,1.5591766723842198,118
193.6065573770492,2.654098360655738,145
187.9557291666667,2.6861979166666674,172
61.153262518968134,1.3156297420333838,152
99.5399654974123,1.6774008050603795,340
60.49122807017544,1.2989473684210526,274
80.21086780210868,1.481751824817518,337
87.4914089347079,1.5567010309278349,164
181.08293351610692,2.48457847840987,321
65.72271386430675,1.325663716814159,181
69.65732087227413,1.390031152647975,143
88.70967741935483,1.5696774193548386,202
187.06577974870657,2.577235772357724,23
91.9210053859964,1.5810891681627768,231
77.40863787375417,1.5641196013289036,68
125.52602436323366,1.9451827242524915,87
88.80746169220517,1.6109260493004662,257
133.74741200828154,2.001552795031056,505
136.51266766020865,2.0596125186289123,176
109.78593272171253,1.7645259938837918,353
83.75527426160338,1.5237341772151898,401
115.36523929471034,1.857262804366079,341
70.9506107275624,1.387148167817313,312
68.07610993657505,1.3546511627906979,81
79.64426877470356,1.482213438735178,465
98.19136522753793,1.6120186697782963,85
103.05706521739131,1.7622282608695654,521
70.83333333333334,1.4153846153846155,467
97.5438596491228,1.6526315789473685,266
47.751605995717334,1.3675945753033547,401
123.04316020482811,1.9553767373811266,406
115.98705501618123,1.8537216828478964,96
101.09375,1.6875,84
156.65204678362574,2.324561403508772,459
73.77777777777777,1.4325925925925924,465
93.08681672025723,1.655144694533762,107
66.3760896637609,1.352428393524284,357
96.80059523809526,1.6361607142857146,150
80.8040770101925,1.4847112117780292,599
83.01435406698565,1.5059808612440193,465
88.99826288361322,1.5773016792125076,337
75.67567567567568,1.4253539253539256,223
120.3114860480208,1.9428942245295264,577
71.25827814569536,1.3920529801324504,357
59.67302452316077,1.2688465031789284,433
94.67353951890033,1.6323024054982818,264
121.50241212956583,1.826326671261199,28
102.39294710327458,1.6914357682619647,326
81.02702702702702,1.494054054054054,312
74.45333333333333,1.4165333333333334,232
56.52951699463329,1.3309481216457963,560
67.34972677595627,1.3476775956284153,29
71.5587967183227,1.4083865086599818,177
92.28295819935694,1.6205787781350485,150
101.83016105417278,1.6939970717423132,290
87.82894736842105,1.5625,360
58.31752055660977,1.257432005060089,425
60.39344262295083,1.2872131147540984,254
149.4943486020226,2.171921475312314,406
78.04878048780488,1.4594594594594597,465
80.28846153846155,1.474587912087912,519
111.59090909090912,1.7789772727272728,423
76.36363636363637,1.4475524475524477,108
129.06626506024097,2.0301204819277108,67
76.6949152542373,1.4364406779661016,86
92.17758985200844,1.628964059196617,266
64.10848240046161,1.3300634737449508,60
150.02967359050444,2.1780415430267057,187
70.22977022977024,1.568931068931069,444
127.09359605911328,2.0119634060520757,233
155.67928730512247,2.2561247216035634,399
123.13341493268052,1.9100367197062422,64
108.07719799857043,1.746962115796998,353
110.64996084573218,1.7995301487862176,147
77.7893639207508,1.4593326381647551,573
69.23395445134577,1.356935817805383,371
187.22139673105497,2.5527488855869245,382
76.96750902527076,1.4483754512635378,595
201.9574944071589,2.747203579418345,449
58.74941670555297,1.2748483434437705,339
63.065781532890774,1.3059746529873266,268
69.88533494266747,1.3669281834640916,528
140.51580698835275,2.0332778702163066,121
192.907180385289,2.6173380035026272,418
137.9759519038076,2.041082164328657,160
91.48486980999296,1.5833919774806475,556
89.31750741839762,1.6122650840751729,75
65.25029103608846,1.3346915017462164,460
84.37500000000001,1.5150862068965518,213
55.393996247654776,1.2288930581613509,52
71.00103199174406,1.3983488132094941,128
82.53778838504373,1.5254574383452664,389
102.79831045406544,1.742872228088701,75
115.92233009708737,1.8563106796116504,203
67.35266604303088,1.3461178671655754,593
134.94553376906316,2.055337690631808,229
100.45454545454547,1.6918181818181817,54
101.36727958510134,1.6822253653936823,151
77.89150460593656,1.4554759467758445,152
85.3960396039604,1.5346534653465347,292
62.90502793296091,1.293296089385475,494
88.66822429906543,1.5467289719626172,323
94.56716417910448,1.607761194029851,323
102.93975903614458,1.726746987951807,169
81.12745098039213,1.4595588235294115,470
77.99999999999999,1.4482142857142857,161
72.93706293706295,1.404195804195804,140
54.107008289374505,1.224566691785983,348
240.28085735402806,3.16629711751663,332
85.78260869565217,1.5343478260869563,144
100.55082623935907,1.7195793690535808,169
123.46760070052538,1.9417688266199649,167
89.52276467361492,1.5869445968184313,241
106.09679446888751,1.7416719044626023,556
96.77060133630287,1.641425389755011,323
71.04490138480907,1.3822912295425933,533
79.43722943722945,1.468073593073593,157
120.26854219948846,1.8746803069053704,517
166.7502507522568,2.3350050150451356,124
113.32108406063388,1.7928341754708315,158
71.75925925925925,1.3848379629629628,178
137.5712406839106,2.053046909250329,54
182.99723210755238,2.510478449980229,318
80.72044647387115,1.5027904616945715,556
106.04133545310015,1.7138314785373605,72
102.92614955875523,1.695308871342313,134
74.58932238193019,1.4034907597535937,161
137.71853146853147,2.06993006993007,318
105.23704520396913,1.7105843439911799,24
210.6734434561626,2.770012706480305,454
95.67128846804192,1.620899560365235,447
168.5251798561151,2.351918465227818,416
96.60033167495855,1.619402985074627,538
100.26881720430107,1.657258064516129,75
106.38900121310151,1.7133036797412051,344
113.61426256077796,1.7903835764451645,309
128.23974082073434,1.9341252699784017,365
179.09698996655518,2.448160535117057,416
96.03960396039606,1.6199543031226202,372
82.14971209213053,1.4984005118362125,354
60.60606060606061,1.2809343434343434,19
156.5938511326861,2.241909385113269,416
138.52313167259786,2.0733985765124556,318
99.48083067092651,1.6613418530351436,534
86.25188158554941,1.5388861013547415,230
264.9781659388646,3.363318777292576,332
86.93045563549163,1.553557154276579,420
92.49422632794456,1.5993071593533488,54
97.08951125755078,1.6474464579901151,517
115.90514748409487,1.8293811451706192,167
83.83233532934132,1.531437125748503,441
135.94662218515427,2.030442035029191,59
95.25691699604744,1.634387351778656,543
53.06859205776171,1.207220216606498,494
142.21854304635764,2.085540838852097,145
116.7660702451955,1.8535453943008615,352
98.21667409719126,1.650022291573785,24
154.37392795883363,2.2264150943396226,212
64.83965014577258,1.3142857142857143,251
224.1687979539642,3.072250639386189,349
80.44670846394986,1.46512539184953,389
99.68808484092327,1.6562694946974426,442
117.98245614035088,1.8728070175438596,524
70.74303405572758,1.3818369453044377,261
66.95804195804195,1.3263403263403262,272
93.55254674403614,1.5976789168278533,532
129.4208893485005,1.9922440537745603,535
156.5781710914454,2.2253687315634214,154
124.02565367538234,1.9181055747409967,263
174.17102966841188,2.418848167539267,267
88.98701298701299,1.56,241
80.77488965179008,1.4845512506130454,574
83.66510538641684,1.4982435597189692,284
109.97867803837956,1.7697228144989343,102
78.17796610169492,1.4402542372881357,492
130.7056798623064,2,134
119.72527472527472,1.8983516483516483,116
62.98399586990189,1.357769747031492,344
100.6578947368421,1.6939058171745154,257
117.30937773882562,1.8369851007887819,74
62.57217847769028,1.2923884514435693,339
108.4507042253521,1.7471495640509727,218
93.8535542490647,1.612506680919295,587
55.700934579439256,1.2336448598130842,261
105.84039233169862,1.7530093624609897,352
178.68681605002612,2.499739447628974,61
88.88332498748123,1.559839759639459,532
67.58214811181952,1.3477194703285924,504
126.64756446991406,1.945558739255014,154
71.67436005035668,1.385228703315149,371
77.92307692307692,1.4615384615384615,144
78.10679611650487,1.4577669902912622,305
105.44142143253748,1.7196002220988338,323
93.44262295081968,1.6076150185087255,417
66.58630665380905,1.3625843780135003,504
116.79810725552049,1.840694006309148,201
77.10437710437712,1.4565656565656568,43
88.10759792354884,1.556394525719679,151
94.74868717179294,1.6451612903225805,77
54.17227456258411,1.2153432032301479,494
120.31250000000004,1.884046052631579,154
88.8501742160279,1.5589845694375313,24
64.90781945327402,1.3026064844246665,81
63.1993006993007,1.2963286713286715,504
177.27910238429172,2.4506778868630197,477
175.49342105263156,2.44078947368421,134
78.72763419483103,1.4564612326043738,335
102.90697674418605,1.7223837209302324,166
88.10068649885582,1.583066361556064,166
101.5901862789641,1.684234438891413,169
168.8172043010753,2.3853046594982077,505
113.34828939988786,1.8289399887829503,366
87.47271933653427,1.5613269314709735,161
159.16247906197654,2.258961474036851,61
88.93016344725115,1.5661218424962857,371
73.13868613138685,1.4029197080291966,80
101.89773326304692,1.6937269372693728,121
102.5350837483024,1.7025803531009505,354
161.17391304347825,2.403478260869565,109
112.00260926288325,1.7645140247879978,344
139.73317865429235,2.0725058004640373,61
145.84382871536525,2.1356003358522253,505
72.01277955271566,1.3865814696485623,316
58.84373211219235,1.2598740698340012,27
161.08273748723187,2.2793667007150153,3
79.3274531422271,1.4647188533627342,18
90.61154177433248,1.5719207579672696,335
112.19635627530364,1.8011133603238867,543
90.04267425320056,1.6038406827880511,201
162.25229579507007,2.3165780570323826,477
70.22498803255147,1.393011010052657,80
71.68356997971603,1.3890466531440162,144
67.32066217044756,1.3525444512568974,378
75.0171585449554,1.441317776252574,80
72.58200168208577,1.4196804037005888,496
139.3466963622866,2.0682999257609507,203
186.63406682966587,2.5721271393643033,349
127.82574568288851,1.947409733124019,307
50.63025210084032,1.1701680672268906,68
82.35,1.5095000000000003,509
244.75743348982783,3.1721439749608766,477
166.96078431372553,2.367156862745098,149
167.6814988290398,2.4847775175644027,267
122.33766233766232,1.9288311688311688,352
145.64950980392152,2.1881127450980387,213
94.80874316939891,1.6263661202185793,506
108.75536480686694,1.7931330472103004,413
81.54999999999998,1.4945,144
66.32583503749147,1.3408316291751874,56
58.99725274725275,1.2706043956043955,366
151.84994861253853,2.4388489208633093,145
101.00853374709078,1.8339798293250582,18
70.06985491671146,1.3670069854916713,219
187.86692759295502,2.6046966731898245,145
85.96881959910914,1.5189309576837418,470
59.331797235023046,1.2707373271889402,343
215.80726965342345,2.8292476754015214,318
74.09040793825801,1.4200661521499451,343
136.6496598639456,2.042517006802721,590
108.46381718154888,1.7393144308082944,281
241.7417417417417,3.0998498498498495,505
246.20874219446924,3.1552185548617304,361
77.33402489626555,1.441390041493776,161
74.11067193675889,1.4140316205533598,128
123.5971223021583,1.929976019184652,349
78.33409194355939,1.4569868001820665,81
291.68975069252076,3.7132963988919667,145
67.46081504702194,1.3598746081504702,362
83.71065709552732,1.5201546107123134,492
93.98819108964037,1.6162104133118624,389
94.68623481781377,1.6224696356275303,398
251.0703363914373,3.2637614678899083,361
74.4360902255639,1.4243216737495912,574
131.84158415841586,2.0166336633663366,96
174.68184862692567,2.490957803081045,98
63.711734693877546,1.3067602040816324,366
90.03984063745018,1.596945551128818,213
106.00875447672105,1.748109828889773,151
191.4754098360656,2.602622950819672,149
96.47058823529413,1.6303405572755418,537
65.55772994129161,1.321591650358774,95
119.40615058324498,1.8674443266171794,244
79.1767554479419,1.4632768361581923,533
164.32606941081517,2.3131557707828896,267
161.23521681997372,2.290407358738502,598
113.49693251533743,1.8522030117122141,524
79.09433962264151,1.4920754716981133,488
120.28904947192885,1.8693718732629236,188
158.82681564245812,2.2497206703910617,3
105.43677458766034,1.7495418448381184,121
73.54323308270678,1.4116541353383458,371
91.70560747663552,1.5870327102803738,353
94.75150952159778,1.6205294937296795,576
117.82907662082516,1.8536345776031433,203
97.66081871345031,1.6640085061137693,241
87.2260015117158,1.561602418745276,248
95.60090702947846,1.6408163265306124,414
156.19886721208306,2.2429200755191943,349
157.92910447761196,2.32089552238806,145
273.7783075089392,3.444576877234803,361
196.50067294751008,2.7200538358008077,418
132.82674772036472,2.011144883485309,203
197.78972520908007,2.666666666666667,505
57.65453495089542,1.2599653379549391,261
111.70688114387846,1.797140303842717,59
109.036445332002,1.7858212680978534,506
127.3724167018136,1.9628848587094054,58
147.01520207638117,2.1868743047830925,37
103.57524012806829,1.7166488794023478,213
238.78896882494004,3.127697841726619,449
79.81969486823854,1.4576976421636614,307
86.1414606095457,1.5209890741805634,230
81.18336886993603,1.4818763326226012,27
93.64021804966687,1.6050878255602667,168
90.98591549295774,1.5793427230046948,543
174.9667994687915,2.4568393094289505,174
75.52921253175276,1.430143945808637,319
190.84112149532712,2.5906542056074766,355
127.2469252601703,1.9725638599810784,147
95.92908732764283,1.6441234405778071,538
111.02088167053364,1.860015467904099,103
74.43820224719101,1.4640449438202248,366
85.69023569023571,1.5252525252525255,49
95.96905537459283,1.629071661237785,167
94.97407259672917,1.6338252891902676,365
113.30049261083741,1.8177339901477834,524
66.99751861042182,1.3635235732009925,142
91.02393617021276,1.6010638297872342,49
81.33205251360872,1.498879282740954,259
59.663865546218496,1.2727272727272727,529
83.86426592797784,1.4882271468144044,288
54.585152838427945,1.245789145352464,439
85.78300374131483,1.5563869588455372,157
146.56278643446382,2.282309807516041,363
86.37724550898204,1.5449101796407188,496
84.3783783783784,1.5016216216216218,223
176.06032045240337,2.527803958529689,590
97.37093690248567,1.694072657743786,167
52.06671501087745,1.2277012327773749,27
125.72192513368982,1.9304812834224596,307
90.34941763727122,1.564891846921797,226
