"location","c130","height"
"DomANT09273",25,8.5
"DomANT09273",25,8.5
"DomANT09273",25,9
"DomANT09273",35,12
"DomANT09273",35,13
"DomANT09273",45,14
"DomANT09273",55,13
"DomANT09273",55,14.5
"DomANT09273",65,14
"DomANT09273",65,15
"DomANT09273",65,16
"DomANT09273",85,14
"DomANT09273",85,23
"DomANT09273",95,18.5
"DomANT09273",95,19
"DomANT09273",95,21.5
"DomANT09273",105,18
"DomANT09273",105,22
"DomANT09273",105,24
"DomANT09273",115,20.5
"DomANT09273",115,21
"DomANT09273",115,21.5
"DomANT09273",115,22
"DomANT09273",115,28
"DomANT09273",125,22
"DomANT09273",125,22.5
"DomANT09273",125,23
"DomANT09273",125,23
"DomANT09273",125,23
"DomANT09273",125,23
"DomANT09273",125,24
"DomANT09273",125,24.5
"DomANT09273",125,25
"DomANT09273",125,26
"DomANT09273",125,26
"DomANT09273",125,26
"DomANT09273",125,26
"DomANT09273",125,26.5
"DomANT09273",125,27
"DomANT09273",125,27.5
"DomANT09273",125,28
"DomANT09273",135,17.5
"DomANT09273",135,20
"DomANT09273",135,21.5
"DomANT09273",135,22
"DomANT09273",135,22.5
"DomANT09273",135,23
"DomANT09273",135,23.5
"DomANT09273",135,24
"DomANT09273",135,25
"DomANT09273",135,25
"DomANT09273",135,26.5
"DomANT09273",135,27
"DomANT09273",135,27.5
"DomANT09273",135,28
"DomANT09273",135,28.5
"DomANT09273",145,22.5
"DomANT09273",145,23.5
"DomANT09273",145,24
"DomANT09273",145,24
"DomANT09273",145,25
"DomANT09273",145,25
"DomANT09273",145,25
"DomANT09273",145,27.5
"DomANT09273",145,29
"DomANT09273",145,29.5
"DomANT09273",145,30.5
"DomANT09273",145,32
"DomANT09273",155,21
"DomANT09273",155,22
"DomANT09273",155,23
"DomANT09273",155,24
"DomANT09273",155,26
"DomANT09273",155,27
"DomANT09273",155,29
"DomANT09273",155,29.5
"DomANT09273",155,30
"DomANT09273",155,30
"DomANT09273",155,31
"DomANT09273",155,34
"DomANT09273",165,23.5
"DomANT09273",165,24
"DomANT09273",165,24.5
"DomANT09273",165,24.5
"DomANT09273",165,25
"DomANT09273",165,26
"DomANT09273",165,27
"DomANT09273",165,27
"DomANT09273",165,27
"DomANT09273",165,29
"DomANT09273",165,31
"DomANT09273",165,35
"DomANT09273",175,21
"DomANT09273",175,23.5
"DomANT09273",175,24
"DomANT09273",175,24
"DomANT09273",175,24
"DomANT09273",175,26
"DomANT09273",175,26
"DomANT09273",175,26
"DomANT09273",175,29.5
"DomANT09273",175,30
"DomANT09273",175,30.6000003814697
"DomANT09273",175,33.5
"DomANT09273",175,33.5
"DomANT09273",185,24.5
"DomANT09273",185,28
"DomANT09273",185,28
"DomANT09273",185,28.5
"DomANT09273",185,36
"DomANT09273",185,36.5
"DomANT09273",195,25
"DomANT09273",195,25.5
"DomANT09273",195,27
"DomANT09273",195,27.5
"DomANT09273",195,32.5
"DomANT09273",205,27.5
"DomANT09273",215,26
"DomANT09273",215,28.5
"DomANT09273",215,31
"DomANT09273",215,32.6
"DomANT09273",215,33.5
"DomANT09273",215,36
"DomANT09273",225,27.5
"DomANT09273",225,32.5
"DomANT09273",225,36
"DomANT09273",235,29
"DomANT09273",235,29.5
"DomANT09273",235,30.5
"DomANT09273",235,31.5
"DomANT09273",235,31.5
"DomANT09273",235,33
"DomANT09273",235,36
"DomANT09273",235,36
"DomANT11095",25,10
"DomANT11095",35,10
"DomANT11095",45,20
"DomANT11095",45,21
"DomANT11095",55,20
"DomANT11095",55,20
"DomANT11095",95,25
"DomANT11095",115,25.5
"DomANT11095",115,29
"DomANT11095",125,30
"DomANT11095",125,31
"DomANT11095",125,31
"DomANT11095",125,32
"DomANT11095",125,34
"DomANT11095",125,35
"DomANT11095",135,26
"DomANT11095",135,30
"DomANT11095",135,30
"DomANT11095",135,31
"DomANT11095",135,32
"DomANT11095",135,33
"DomANT11095",135,33
"DomANT11095",135,35
"DomANT11095",135,36
"DomANT11095",135,36
"DomANT11095",135,37
"DomANT11095",135,38
"DomANT11095",145,30
"DomANT11095",145,30.5
"DomANT11095",145,31
"DomANT11095",145,31
"DomANT11095",145,32
"DomANT11095",145,33
"DomANT11095",145,33.5
"DomANT11095",145,34
"DomANT11095",145,35
"DomANT11095",145,35
"DomANT11095",145,35
"DomANT11095",145,35
"DomANT11095",145,37
"DomANT11095",155,29
"DomANT11095",155,29
"DomANT11095",155,30.5
"DomANT11095",155,32.5
"DomANT11095",155,33
"DomANT11095",155,33.5
"DomANT11095",155,33.5
"DomANT11095",155,34
"DomANT11095",155,34
"DomANT11095",155,34.5
"DomANT11095",155,35
"DomANT11095",155,35
"DomANT11095",155,35
"DomANT11095",155,35
"DomANT11095",155,35
"DomANT11095",155,35.5
"DomANT11095",155,35.5
"DomANT11095",155,35.5
"DomANT11095",155,35.5
"DomANT11095",155,35.5
"DomANT11095",155,35.5
"DomANT11095",155,36
"DomANT11095",155,36
"DomANT11095",155,36
"DomANT11095",155,38.5
"DomANT11095",165,28
"DomANT11095",165,32
"DomANT11095",165,32
"DomANT11095",165,33
"DomANT11095",165,34
"DomANT11095",165,34
"DomANT11095",165,34
"DomANT11095",165,34
"DomANT11095",165,34
"DomANT11095",165,34.5
"DomANT11095",165,34.5
"DomANT11095",165,35
"DomANT11095",165,35
"DomANT11095",165,35
"DomANT11095",165,35
"DomANT11095",165,35.5
"DomANT11095",165,35.5
"DomANT11095",165,35.5
"DomANT11095",165,36
"DomANT11095",165,36
"DomANT11095",165,36
"DomANT11095",165,36
"DomANT11095",165,36.5
"DomANT11095",165,37
"DomANT11095",165,38.5
"DomANT11095",165,39.5
"DomANT11095",175,30
"DomANT11095",175,30
"DomANT11095",175,31
"DomANT11095",175,31
"DomANT11095",175,31
"DomANT11095",175,32
"DomANT11095",175,33
"DomANT11095",175,33.5
"DomANT11095",175,34
"DomANT11095",175,34
"DomANT11095",175,34.5
"DomANT11095",175,35
"DomANT11095",175,35
"DomANT11095",175,35
"DomANT11095",175,36
"DomANT11095",175,36
"DomANT11095",175,36
"DomANT11095",175,36
"DomANT11095",175,36
"DomANT11095",175,36.5
"DomANT11095",175,36.5
"DomANT11095",175,39
"DomANT11095",185,29.5
"DomANT11095",185,32
"DomANT11095",185,33
"DomANT11095",185,34
"DomANT11095",185,34
"DomANT11095",185,35
"DomANT11095",185,35
"DomANT11095",185,35.5
"DomANT11095",185,35.5
"DomANT11095",185,36
"DomANT11095",185,36
"DomANT11095",185,36
"DomANT11095",185,36
"DomANT11095",185,36
"DomANT11095",185,36.5
"DomANT11095",185,36.5
"DomANT11095",185,37
"DomANT11095",185,37
"DomANT11095",185,38.5
"DomANT11095",185,39
"DomANT11095",195,28.5
"DomANT11095",195,29
"DomANT11095",195,36
"DomANT11095",195,36
"DomANT11095",195,36
"DomANT11095",205,30
"DomANT11095",205,32.5
"DomANT11095",205,35.5
"DomANT11095",205,36
"DomANT11095",205,37
"DomANT11095",205,37.5
"DomANT11095",205,37.5
"DomANT11095",215,35.5
"DomANT11095",215,36
"DomANT11095",215,36
"DomANT11095",225,36
"DomANT11122",35,10
"DomANT11122",45,12
"DomANT11122",45,13
"DomANT11122",85,20.5
"DomANT11122",105,22.5
"DomANT11122",115,21
"DomANT11122",115,23.8
"DomANT11122",125,22.5
"DomANT11122",125,22.5
"DomANT11122",125,26
"DomANT11122",125,31.5
"DomANT11122",125,32
"DomANT11122",125,33
"DomANT11122",135,31
"DomANT11122",145,26.5
"DomANT11122",145,27
"DomANT11122",145,28
"DomANT11122",145,29
"DomANT11122",145,30
"DomANT11122",145,32
"DomANT11122",145,32
"DomANT11122",145,32.5
"DomANT11122",155,29.5
"DomANT11122",155,30.5
"DomANT11122",165,25
"DomANT11122",165,27
"DomANT11122",165,30
"DomANT11122",165,30.5
"DomANT11122",165,32
"DomANT11122",165,34
"DomANT11122",175,25
"DomANT11122",175,25
"DomANT11122",175,26
"DomANT11122",175,26
"DomANT11122",175,28.5
"DomANT11122",175,30
"DomANT11122",175,32
"DomANT11122",175,32.5
"DomANT11122",175,33
"DomANT11122",185,24
"DomANT11122",185,27.5
"DomANT11122",185,28
"DomANT11122",185,34.5
"DomANT11122",195,30.5
"DomANT11122",195,31.5
"DomANT11122",195,33
"DomANT11122",205,32
"DomANT11122",205,32.5
"DomANT11122",205,33.5
"DomANT11122",205,37
"DomLIM09051",75,24
"DomLIM09051",75,25
"DomLIM09051",95,25
"DomLIM09051",95,26
"DomLIM09051",95,26
"DomLIM09051",95,32
"DomLIM09051",105,24.5
"DomLIM09051",105,25.5
"DomLIM09051",105,28
"DomLIM09051",105,28
"DomLIM09051",105,40
"DomLIM09051",105,40
"DomLIM09051",105,40
"DomLIM09051",115,24.5
"DomLIM09051",125,18.5
"DomLIM09051",125,22.5
"DomLIM09051",125,22.5
"DomLIM09051",125,23
"DomLIM09051",125,23.5
"DomLIM09051",125,25.5
"DomLIM09051",125,26.5
"DomLIM09051",125,26.5
"DomLIM09051",125,26.5
"DomLIM09051",125,26.5
"DomLIM09051",125,26.5
"DomLIM09051",125,27.5
"DomLIM09051",125,28
"DomLIM09051",125,29
"DomLIM09051",125,29.5
"DomLIM09051",125,31
"DomLIM09051",125,31.5
"DomLIM09051",125,34
"DomLIM09051",125,34.5
"DomLIM09051",135,22.5
"DomLIM09051",135,25
"DomLIM09051",135,25.5
"DomLIM09051",135,26
"DomLIM09051",135,26
"DomLIM09051",135,27
"DomLIM09051",135,27.5
"DomLIM09051",135,27.5
"DomLIM09051",135,27.5
"DomLIM09051",135,28
"DomLIM09051",135,28
"DomLIM09051",135,28.5
"DomLIM09051",135,28.5
"DomLIM09051",135,30
"DomLIM09051",135,30.5
"DomLIM09051",135,30.5
"DomLIM09051",135,31
"DomLIM09051",135,31.5
"DomLIM09051",135,31.5
"DomLIM09051",135,32.5
"DomLIM09051",135,32.5
"DomLIM09051",135,33
"DomLIM09051",145,26
"DomLIM09051",145,26.5
"DomLIM09051",145,27.5
"DomLIM09051",145,27.5
"DomLIM09051",145,27.5
"DomLIM09051",145,27.5
"DomLIM09051",145,28
"DomLIM09051",145,28
"DomLIM09051",145,28.5
"DomLIM09051",145,29.5
"DomLIM09051",145,31.5
"DomLIM09051",145,33
"DomLIM09051",145,33.5
"DomLIM09051",145,33.5
"DomLIM09051",145,34
"DomLIM09051",145,35
"DomLIM09051",155,21.5
"DomLIM09051",155,25.5
"DomLIM09051",155,26
"DomLIM09051",155,26
"DomLIM09051",155,26.5
"DomLIM09051",155,27
"DomLIM09051",155,27
"DomLIM09051",155,27.5
"DomLIM09051",155,28.5
"DomLIM09051",155,28.5
"DomLIM09051",155,28.5
"DomLIM09051",155,29.5
"DomLIM09051",155,29.5
"DomLIM09051",155,30
"DomLIM09051",155,30.5
"DomLIM09051",155,33
"DomLIM09051",155,36.5
"DomLIM09051",165,23.5
"DomLIM09051",165,26.5
"DomLIM09051",165,27
"DomLIM09051",165,27
"DomLIM09051",165,27
"DomLIM09051",165,27.5
"DomLIM09051",165,27.5
"DomLIM09051",165,28.5
"DomLIM09051",165,29
"DomLIM09051",165,29
"DomLIM09051",165,30
"DomLIM09051",165,30
"DomLIM09051",165,30
"DomLIM09051",165,30.5
"DomLIM09051",165,31
"DomLIM09051",165,31
"DomLIM09051",175,25
"DomLIM09051",175,26
"DomLIM09051",175,26
"DomLIM09051",175,26.5
"DomLIM09051",175,27.5
"DomLIM09051",175,27.5
"DomLIM09051",175,29
"DomLIM09051",175,29
"DomLIM09051",175,31
"DomLIM09051",175,31.5
"DomLIM09051",175,31.5
"DomLIM09051",175,31.5
"DomLIM09051",175,32
"DomLIM09051",175,40
"DomLIM09051",185,23.5
"DomLIM09051",185,26
"DomLIM09051",185,27
"DomLIM09051",185,28
"DomLIM09051",185,29.5
"DomLIM09051",185,31.5
"DomLIM09051",185,32
"DomLIM09051",185,32.5
"DomLIM09051",185,34.5
"DomLIM09051",185,35.5
"DomLIM09051",185,40
"DomLIM09051",185,40
"DomLIM09051",195,27.5
"DomLIM09051",195,27.5
"DomLIM09051",195,28.5
"DomLIM09051",195,28.5
"DomLIM09051",195,30
"DomLIM09051",195,30.5
"DomLIM09051",195,31
"DomLIM09051",195,31.5
"DomLIM09051",195,40
"DomLIM09051",195,40
"DomLIM09051",195,40
"DomLIM09051",205,31.5
"DomLIM09051",205,31.5
"DomLIM09051",215,32.5
"DomLIM09051",215,34
"DomLIM09051",215,36
"DomLIM09051",215,40
"DomLIM09051",215,40
"DomLIM09051",225,32.5
"DomLIM09051",225,40
"DomLIM09051",235,30.5
"DomLIM09401",75,25
"DomLIM09401",75,34
"DomLIM09401",85,19
"DomLIM09401",85,22
"DomLIM09401",85,22
"DomLIM09401",95,21
"DomLIM09401",95,22
"DomLIM09401",105,21
"DomLIM09401",105,22.5
"DomLIM09401",115,22
"DomLIM09401",115,22
"DomLIM09401",115,22
"DomLIM09401",115,23
"DomLIM09401",115,24
"DomLIM09401",115,24
"DomLIM09401",115,24
"DomLIM09401",115,25
"DomLIM09401",115,25
"DomLIM09401",115,26
"DomLIM09401",115,26
"DomLIM09401",115,27
"DomLIM09401",115,32
"DomLIM09401",125,21
"DomLIM09401",125,21
"DomLIM09401",125,23
"DomLIM09401",125,23.5
"DomLIM09401",125,24
"DomLIM09401",125,24
"DomLIM09401",125,24
"DomLIM09401",125,24
"DomLIM09401",125,24
"DomLIM09401",125,24
"DomLIM09401",125,25
"DomLIM09401",125,25
"DomLIM09401",125,25
"DomLIM09401",125,25.5
"DomLIM09401",125,26
"DomLIM09401",125,26
"DomLIM09401",125,26
"DomLIM09401",125,26.5
"DomLIM09401",125,27
"DomLIM09401",125,27
"DomLIM09401",125,27
"DomLIM09401",125,27
"DomLIM09401",125,27
"DomLIM09401",125,28
"DomLIM09401",125,31
"DomLIM09401",135,23
"DomLIM09401",135,23
"DomLIM09401",135,24
"DomLIM09401",135,24
"DomLIM09401",135,24
"DomLIM09401",135,24
"DomLIM09401",135,24
"DomLIM09401",135,24
"DomLIM09401",135,25
"DomLIM09401",135,25
"DomLIM09401",135,25
"DomLIM09401",135,25
"DomLIM09401",135,25
"DomLIM09401",135,25
"DomLIM09401",135,25
"DomLIM09401",135,25
"DomLIM09401",135,25.5
"DomLIM09401",135,25.5
"DomLIM09401",135,26
"DomLIM09401",135,26
"DomLIM09401",135,26
"DomLIM09401",135,26
"DomLIM09401",135,26
"DomLIM09401",135,27
"DomLIM09401",135,27
"DomLIM09401",135,27.5
"DomLIM09401",135,29
"DomLIM09401",135,29
"DomLIM09401",135,30
"DomLIM09401",135,33
"DomLIM09401",135,33
"DomLIM09401",135,33
"DomLIM09401",135,36
"DomLIM09401",135,37
"DomLIM09401",135,38
"DomLIM09401",135,39
"DomLIM09401",145,25
"DomLIM09401",145,25
"DomLIM09401",145,26
"DomLIM09401",145,26
"DomLIM09401",145,26
"DomLIM09401",145,26
"DomLIM09401",145,27
"DomLIM09401",145,27
"DomLIM09401",145,27
"DomLIM09401",145,27
"DomLIM09401",145,27
"DomLIM09401",145,28
"DomLIM09401",145,28
"DomLIM09401",145,28
"DomLIM09401",145,28
"DomLIM09401",145,28
"DomLIM09401",145,28
"DomLIM09401",145,28
"DomLIM09401",145,28
"DomLIM09401",145,28.5
"DomLIM09401",145,28.5
"DomLIM09401",145,28.5
"DomLIM09401",145,28.8
"DomLIM09401",145,29
"DomLIM09401",145,29
"DomLIM09401",145,29
"DomLIM09401",145,29
"DomLIM09401",145,29
"DomLIM09401",145,29.5
"DomLIM09401",145,29.5
"DomLIM09401",145,32
"DomLIM09401",145,33
"DomLIM09401",145,36
"DomLIM09401",145,36
"DomLIM09401",145,37
"DomLIM09401",145,39
"DomLIM09401",145,39
"DomLIM09401",155,26
"DomLIM09401",155,26
"DomLIM09401",155,27
"DomLIM09401",155,27
"DomLIM09401",155,27
"DomLIM09401",155,27.5
"DomLIM09401",155,28
"DomLIM09401",155,28
"DomLIM09401",155,28
"DomLIM09401",155,28
"DomLIM09401",155,28
"DomLIM09401",155,29
"DomLIM09401",155,29
"DomLIM09401",155,30
"DomLIM09401",155,30
"DomLIM09401",155,30
"DomLIM09401",155,30
"DomLIM09401",155,30
"DomLIM09401",155,30
"DomLIM09401",155,31
"DomLIM09401",155,31
"DomLIM09401",155,31
"DomLIM09401",155,31
"DomLIM09401",155,32
"DomLIM09401",155,32
"DomLIM09401",155,32
"DomLIM09401",155,33
"DomLIM09401",155,33
"DomLIM09401",155,33
"DomLIM09401",155,33
"DomLIM09401",155,33
"DomLIM09401",155,34
"DomLIM09401",155,35
"DomLIM09401",155,37
"DomLIM09401",155,37.5
"DomLIM09401",155,38
"DomLIM09401",155,38
"DomLIM09401",155,39
"DomLIM09401",155,39
"DomLIM09401",155,41
"DomLIM09401",165,28
"DomLIM09401",165,28.5
"DomLIM09401",165,29
"DomLIM09401",165,29
"DomLIM09401",165,29
"DomLIM09401",165,29
"DomLIM09401",165,29
"DomLIM09401",165,29
"DomLIM09401",165,29.5
"DomLIM09401",165,31
"DomLIM09401",165,31
"DomLIM09401",165,31
"DomLIM09401",165,31
"DomLIM09401",165,32
"DomLIM09401",165,32
"DomLIM09401",165,32
"DomLIM09401",165,33
"DomLIM09401",165,33
"DomLIM09401",165,34
"DomLIM09401",165,34
"DomLIM09401",165,34
"DomLIM09401",165,35
"DomLIM09401",165,35
"DomLIM09401",165,35
"DomLIM09401",165,35
"DomLIM09401",165,35.5
"DomLIM09401",165,37
"DomLIM09401",165,37.5
"DomLIM09401",165,38
"DomLIM09401",165,38
"DomLIM09401",165,38
"DomLIM09401",165,39
"DomLIM09401",165,39
"DomLIM09401",165,39
"DomLIM09401",165,39
"DomLIM09401",165,43
"DomLIM09401",175,27
"DomLIM09401",175,28
"DomLIM09401",175,28.5
"DomLIM09401",175,30
"DomLIM09401",175,30
"DomLIM09401",175,31
"DomLIM09401",175,31.1
"DomLIM09401",175,32
"DomLIM09401",175,32
"DomLIM09401",175,33
"DomLIM09401",175,34
"DomLIM09401",175,34
"DomLIM09401",175,35
"DomLIM09401",175,36
"DomLIM09401",175,36
"DomLIM09401",175,37
"DomLIM09401",175,37
"DomLIM09401",175,38
"DomLIM09401",175,38
"DomLIM09401",175,40
"DomLIM09401",185,25
"DomLIM09401",185,29
"DomLIM09401",185,30
"DomLIM09401",185,30
"DomLIM09401",185,30
"DomLIM09401",185,30.5
"DomLIM09401",185,31
"DomLIM09401",185,31
"DomLIM09401",185,31
"DomLIM09401",185,31
"DomLIM09401",185,31.5
"DomLIM09401",185,32
"DomLIM09401",185,33
"DomLIM09401",185,33
"DomLIM09401",185,33
"DomLIM09401",185,34
"DomLIM09401",185,35
"DomLIM09401",185,37
"DomLIM09401",185,38
"DomLIM09401",185,38
"DomLIM09401",185,40
"DomLIM09401",195,33
"DomLIM09401",195,36
"DomLIM09401",195,37
"DomLIM09401",195,39
"DomLIM09401",195,43
"DomLIM09401",205,31
"DomLIM09401",205,35
"DomLIM09401",205,36
"DomLIM09401",205,41
"DomLIM09401",205,41
"DomLIM09401",205,41
"DomLIM09401",215,29
"DomLIM09401",215,38
"DomLIM09401",225,33
"DomLIM09401",225,37
"DomLIM09401",225,41
"DomLIM09401",225,42
"DomLIM09401",235,38
"DomLIM09401",235,39
"DomLIM09401",235,41.5
"DomLIM09590",35,15
"DomLIM09590",75,17
"DomLIM09590",95,24
"DomLIM09590",95,25
"DomLIM09590",105,20
"DomLIM09590",105,22
"DomLIM09590",105,24
"DomLIM09590",115,22
"DomLIM09590",115,22.5
"DomLIM09590",115,23
"DomLIM09590",115,24.5
"DomLIM09590",115,25
"DomLIM09590",115,30
"DomLIM09590",125,22
"DomLIM09590",125,23
"DomLIM09590",125,23
"DomLIM09590",125,23
"DomLIM09590",125,24
"DomLIM09590",125,25
"DomLIM09590",125,29
"DomLIM09590",125,34
"DomLIM09590",125,35
"DomLIM09590",125,37
"DomLIM09590",135,23
"DomLIM09590",135,23.5
"DomLIM09590",135,24
"DomLIM09590",135,24
"DomLIM09590",135,25
"DomLIM09590",135,25
"DomLIM09590",135,25
"DomLIM09590",135,25
"DomLIM09590",135,25
"DomLIM09590",135,26
"DomLIM09590",135,26
"DomLIM09590",135,26
"DomLIM09590",135,26.5
"DomLIM09590",135,26.5
"DomLIM09590",135,31
"DomLIM09590",135,33
"DomLIM09590",135,34.5
"DomLIM09590",135,35
"DomLIM09590",135,36
"DomLIM09590",135,37
"DomLIM09590",145,25
"DomLIM09590",145,26
"DomLIM09590",145,26
"DomLIM09590",145,26
"DomLIM09590",145,27
"DomLIM09590",145,27
"DomLIM09590",145,29
"DomLIM09590",145,29.5
"DomLIM09590",145,29.5
"DomLIM09590",145,30
"DomLIM09590",145,30
"DomLIM09590",145,30.5
"DomLIM09590",145,30.5
"DomLIM09590",145,31
"DomLIM09590",145,31
"DomLIM09590",145,31
"DomLIM09590",145,31
"DomLIM09590",145,32
"DomLIM09590",145,35
"DomLIM09590",145,35
"DomLIM09590",145,36
"DomLIM09590",145,36
"DomLIM09590",145,37
"DomLIM09590",145,37
"DomLIM09590",145,38
"DomLIM09590",145,38
"DomLIM09590",155,29
"DomLIM09590",155,29.5
"DomLIM09590",155,30
"DomLIM09590",155,30.5
"DomLIM09590",155,30.5
"DomLIM09590",155,31
"DomLIM09590",155,31
"DomLIM09590",155,31
"DomLIM09590",155,31
"DomLIM09590",155,33
"DomLIM09590",155,33
"DomLIM09590",155,33
"DomLIM09590",155,33
"DomLIM09590",155,35
"DomLIM09590",155,35
"DomLIM09590",155,36
"DomLIM09590",155,38
"DomLIM09590",165,27.5
"DomLIM09590",165,27.5
"DomLIM09590",165,28.5
"DomLIM09590",165,30
"DomLIM09590",165,30
"DomLIM09590",165,31
"DomLIM09590",165,31
"DomLIM09590",165,31
"DomLIM09590",165,31
"DomLIM09590",165,31
"DomLIM09590",165,31.5
"DomLIM09590",165,32
"DomLIM09590",165,32.5
"DomLIM09590",165,33
"DomLIM09590",165,33
"DomLIM09590",175,29.5
"DomLIM09590",175,31
"DomLIM09590",175,32
"DomLIM09590",175,34
"DomLIM09590",185,30
"DomLIM09590",185,31
"DomLIM09590",185,32
"DomLIM09590",195,31
"DomLIM09590",195,31
"DomLIM09590",195,32
"DomLIM09590",205,28.5
"DomLIM09590",205,34.5
"DomLIM09590",215,33
"DomLIM09590",225,31
"DomLIM13125",55,11
"DomLIM13125",55,11
"DomLIM13125",55,11
"DomLIM13125",55,11
"DomLIM13125",65,11
"DomLIM13125",65,11
"DomLIM13125",65,11
"DomLIM13125",65,11
"DomLIM13125",65,12
"DomLIM13125",65,12
"DomLIM13125",65,12
"DomLIM13125",65,12
"DomLIM13125",65,12
"DomLIM13125",65,12
"DomLIM13125",75,12
"DomLIM13125",75,12
"DomLIM13125",95,24
"DomLIM13125",125,24
"DomLIM13125",125,24
"DomLIM13125",125,24
"DomLIM13125",125,28
"DomLIM13125",135,24
"DomLIM13125",135,24
"DomLIM13125",135,24
"DomLIM13125",135,24
"DomLIM13125",135,24
"DomLIM13125",135,24
"DomLIM13125",135,28
"DomLIM13125",135,28
"DomLIM13125",135,28
"DomLIM13125",135,28
"DomLIM13125",135,28
"DomLIM13125",135,28
"DomLIM13125",135,29
"DomLIM13125",145,24
"DomLIM13125",145,24
"DomLIM13125",145,24
"DomLIM13125",145,25
"DomLIM13125",145,25
"DomLIM13125",145,27
"DomLIM13125",145,28
"DomLIM13125",155,25
"DomLIM13125",155,25
"DomLIM13125",155,25
"DomLIM13125",155,28
"DomLIM13125",155,28
"DomLIM13125",165,25
"DomLIM13125",165,25
"DomLIM13125",165,28
"DomLIM13125",165,28
"DomLIM13125",165,28
"DomLIM13125",165,28
"DomLIM13125",165,28
"DomLIM13125",165,28
"DomLIM13125",165,28
"DomLIM13125",165,28
"DomLIM13125",165,28
"DomOVL09005",25,13.5
"DomOVL09005",35,7
"DomOVL09005",65,19
"DomOVL09005",85,28
"DomOVL09005",85,31
"DomOVL09005",95,27
"DomOVL09005",105,32.5
"DomOVL09005",115,32.2999992370605
"DomOVL09005",125,30
"DomOVL09005",125,32
"DomOVL09005",125,32.4000015258789
"DomOVL09005",125,33
"DomOVL09005",125,33
"DomOVL09005",125,33
"DomOVL09005",125,33
"DomOVL09005",125,33.5
"DomOVL09005",125,34
"DomOVL09005",125,34
"DomOVL09005",125,35.5
"DomOVL09005",125,37.5
"DomOVL09005",135,31
"DomOVL09005",135,32
"DomOVL09005",135,32
"DomOVL09005",135,34
"DomOVL09005",135,34.5
"DomOVL09005",135,34.5
"DomOVL09005",135,35.5
"DomOVL09005",135,36
"DomOVL09005",135,37
"DomOVL09005",135,39
"DomOVL09005",145,31
"DomOVL09005",145,31
"DomOVL09005",145,33.5
"DomOVL09005",145,34
"DomOVL09005",145,34
"DomOVL09005",145,38
"DomOVL09005",145,39
"DomOVL09005",145,39
"DomOVL09005",145,39.5
"DomOVL09005",155,27
"DomOVL09005",155,31
"DomOVL09005",155,32
"DomOVL09005",155,33
"DomOVL09005",155,33
"DomOVL09005",155,33
"DomOVL09005",155,34
"DomOVL09005",155,34.5
"DomOVL09005",155,35
"DomOVL09005",155,35.5
"DomOVL09005",155,35.5
"DomOVL09005",155,36.5
"DomOVL09005",155,39
"DomOVL09005",155,39
"DomOVL09005",165,27
"DomOVL09005",165,33
"DomOVL09005",165,33
"DomOVL09005",165,33.5
"DomOVL09005",165,34
"DomOVL09005",165,37.5
"DomOVL09005",165,39
"DomOVL09005",175,27
"DomOVL09005",175,34.5
"DomOVL09005",175,36
"DomOVL09005",175,36.5
"DomOVL09005",175,37
"DomOVL09005",175,37.5
"DomOVL09005",175,38
"DomOVL09005",175,39
"DomOVL09005",175,39
"DomOVL09005",175,39
"DomOVL09005",175,41.5
"DomOVL09005",185,18
"DomOVL09005",185,29
"DomOVL09005",185,29
"DomOVL09005",185,29
"DomOVL09005",185,30
"DomOVL09005",185,31
"DomOVL09005",185,32
"DomOVL09005",185,39
"DomOVL09005",185,39
"DomOVL09005",185,39
"DomOVL09005",185,39
"DomOVL09005",195,27
"DomOVL09005",195,28
"DomOVL09005",195,39
"DomOVL09005",195,39
"DomOVL09005",205,36.5
"DomOVL09005",205,36.5
"DomOVL09005",205,39
"DomOVL09005",215,30
"DomOVL09005",225,39
"DomOVL09005",235,38
"DomOVL09014",65,17.5
"DomOVL09014",75,28.5
"DomOVL09014",85,30
"DomOVL09014",85,31.5
"DomOVL09014",85,31.5
"DomOVL09014",85,34
"DomOVL09014",95,36.5
"DomOVL09014",105,31.5
"DomOVL09014",115,26.5
"DomOVL09014",115,29
"DomOVL09014",115,29
"DomOVL09014",115,30
"DomOVL09014",115,30
"DomOVL09014",115,31.5
"DomOVL09014",115,33.5
"DomOVL09014",115,33.5
"DomOVL09014",125,20
"DomOVL09014",125,28.5
"DomOVL09014",125,30
"DomOVL09014",125,30
"DomOVL09014",125,30
"DomOVL09014",125,30.5
"DomOVL09014",125,31
"DomOVL09014",125,31
"DomOVL09014",125,31
"DomOVL09014",125,31
"DomOVL09014",125,31.5
"DomOVL09014",125,31.5
"DomOVL09014",125,32
"DomOVL09014",125,32.5
"DomOVL09014",125,34
"DomOVL09014",125,34
"DomOVL09014",125,34.5
"DomOVL09014",125,35
"DomOVL09014",125,35.5
"DomOVL09014",125,38
"DomOVL09014",135,22.5
"DomOVL09014",135,28.5
"DomOVL09014",135,29.5
"DomOVL09014",135,30
"DomOVL09014",135,30.5
"DomOVL09014",135,30.5
"DomOVL09014",135,30.5
"DomOVL09014",135,31
"DomOVL09014",135,31
"DomOVL09014",135,31
"DomOVL09014",135,31
"DomOVL09014",135,31.5
"DomOVL09014",135,31.5
"DomOVL09014",135,31.5
"DomOVL09014",135,31.5
"DomOVL09014",135,32
"DomOVL09014",135,32.5
"DomOVL09014",135,32.5
"DomOVL09014",135,32.5
"DomOVL09014",135,33
"DomOVL09014",135,33
"DomOVL09014",135,33
"DomOVL09014",135,33
"DomOVL09014",135,33.5
"DomOVL09014",135,34.5
"DomOVL09014",135,34.5
"DomOVL09014",135,35
"DomOVL09014",135,35
"DomOVL09014",135,35.5
"DomOVL09014",135,35.5
"DomOVL09014",135,36
"DomOVL09014",135,37
"DomOVL09014",135,37
"DomOVL09014",135,37
"DomOVL09014",135,37
"DomOVL09014",135,37.5
"DomOVL09014",135,38
"DomOVL09014",135,39
"DomOVL09014",145,23
"DomOVL09014",145,28
"DomOVL09014",145,29
"DomOVL09014",145,29.5
"DomOVL09014",145,30
"DomOVL09014",145,30
"DomOVL09014",145,30.5
"DomOVL09014",145,30.5
"DomOVL09014",145,31
"DomOVL09014",145,31
"DomOVL09014",145,31
"DomOVL09014",145,31
"DomOVL09014",145,31
"DomOVL09014",145,31.5
"DomOVL09014",145,31.5
"DomOVL09014",145,31.5
"DomOVL09014",145,31.5
"DomOVL09014",145,32
"DomOVL09014",145,32
"DomOVL09014",145,32
"DomOVL09014",145,32.5
"DomOVL09014",145,32.5
"DomOVL09014",145,32.5
"DomOVL09014",145,32.5
"DomOVL09014",145,32.5
"DomOVL09014",145,33
"DomOVL09014",145,33
"DomOVL09014",145,33
"DomOVL09014",145,33
"DomOVL09014",145,33.5
"DomOVL09014",145,33.5
"DomOVL09014",145,34
"DomOVL09014",145,34
"DomOVL09014",145,34
"DomOVL09014",145,34
"DomOVL09014",145,34
"DomOVL09014",145,34.5
"DomOVL09014",145,34.5
"DomOVL09014",145,35
"DomOVL09014",145,35
"DomOVL09014",145,35
"DomOVL09014",145,35
"DomOVL09014",145,35
"DomOVL09014",145,35.5
"DomOVL09014",145,35.5999984741211
"DomOVL09014",145,36
"DomOVL09014",145,36.5
"DomOVL09014",145,37
"DomOVL09014",145,37
"DomOVL09014",145,37.5
"DomOVL09014",145,38
"DomOVL09014",145,38
"DomOVL09014",145,38.5
"DomOVL09014",145,40.5
"DomOVL09014",145,41
"DomOVL09014",155,28
"DomOVL09014",155,28.5
"DomOVL09014",155,29
"DomOVL09014",155,29
"DomOVL09014",155,29.5
"DomOVL09014",155,29.5
"DomOVL09014",155,30
"DomOVL09014",155,30
"DomOVL09014",155,30.5
"DomOVL09014",155,30.5
"DomOVL09014",155,31
"DomOVL09014",155,31.5
"DomOVL09014",155,31.5
"DomOVL09014",155,31.5
"DomOVL09014",155,32
"DomOVL09014",155,32
"DomOVL09014",155,32
"DomOVL09014",155,32
"DomOVL09014",155,32.5
"DomOVL09014",155,32.5
"DomOVL09014",155,32.5
"DomOVL09014",155,33
"DomOVL09014",155,33
"DomOVL09014",155,33.5
"DomOVL09014",155,33.5
"DomOVL09014",155,33.5
"DomOVL09014",155,34
"DomOVL09014",155,34
"DomOVL09014",155,34
"DomOVL09014",155,34
"DomOVL09014",155,34
"DomOVL09014",155,35
"DomOVL09014",155,35
"DomOVL09014",155,35
"DomOVL09014",155,35
"DomOVL09014",155,35.5
"DomOVL09014",155,35.5
"DomOVL09014",155,36
"DomOVL09014",155,36.5
"DomOVL09014",155,36.5
"DomOVL09014",155,37
"DomOVL09014",155,37
"DomOVL09014",155,37.5
"DomOVL09014",155,37.5
"DomOVL09014",155,38
"DomOVL09014",155,38
"DomOVL09014",155,38.5
"DomOVL09014",155,39.5
"DomOVL09014",155,41
"DomOVL09014",155,41
"DomOVL09014",155,44
"DomOVL09014",165,28
"DomOVL09014",165,30
"DomOVL09014",165,31
"DomOVL09014",165,31.5
"DomOVL09014",165,32
"DomOVL09014",165,32
"DomOVL09014",165,32
"DomOVL09014",165,32
"DomOVL09014",165,32.5
"DomOVL09014",165,32.5
"DomOVL09014",165,32.5
"DomOVL09014",165,32.5
"DomOVL09014",165,33
"DomOVL09014",165,33
"DomOVL09014",165,33.5
"DomOVL09014",165,33.5
"DomOVL09014",165,33.5
"DomOVL09014",165,34
"DomOVL09014",165,34
"DomOVL09014",165,34
"DomOVL09014",165,34
"DomOVL09014",165,34
"DomOVL09014",165,34.5
"DomOVL09014",165,35
"DomOVL09014",165,35
"DomOVL09014",165,35
"DomOVL09014",165,35
"DomOVL09014",165,35
"DomOVL09014",165,35.5
"DomOVL09014",165,35.5
"DomOVL09014",165,36
"DomOVL09014",165,36.5
"DomOVL09014",165,37
"DomOVL09014",165,37
"DomOVL09014",165,37
"DomOVL09014",165,37.5
"DomOVL09014",165,38
"DomOVL09014",165,38
"DomOVL09014",165,38.5
"DomOVL09014",165,39.5
"DomOVL09014",175,28
"DomOVL09014",175,30.5
"DomOVL09014",175,31
"DomOVL09014",175,31
"DomOVL09014",175,31
"DomOVL09014",175,31
"DomOVL09014",175,31.5
"DomOVL09014",175,32
"DomOVL09014",175,32
"DomOVL09014",175,32.5
"DomOVL09014",175,32.5
"DomOVL09014",175,32.5
"DomOVL09014",175,33
"DomOVL09014",175,33
"DomOVL09014",175,33
"DomOVL09014",175,33
"DomOVL09014",175,33.5
"DomOVL09014",175,34
"DomOVL09014",175,34
"DomOVL09014",175,34
"DomOVL09014",175,34.5
"DomOVL09014",175,35
"DomOVL09014",175,35
"DomOVL09014",175,35
"DomOVL09014",175,35
"DomOVL09014",175,35
"DomOVL09014",175,35.5
"DomOVL09014",175,36
"DomOVL09014",175,36.5
"DomOVL09014",175,37
"DomOVL09014",175,37.5
"DomOVL09014",175,38
"DomOVL09014",175,38
"DomOVL09014",175,38.5
"DomOVL09014",175,38.5
"DomOVL09014",175,39
"DomOVL09014",185,32.5
"DomOVL09014",185,32.5
"DomOVL09014",185,32.5
"DomOVL09014",185,32.5
"DomOVL09014",185,33
"DomOVL09014",185,33
"DomOVL09014",185,34
"DomOVL09014",185,35.5
"DomOVL09014",185,35.5
"DomOVL09014",185,36
"DomOVL09014",185,36
"DomOVL09014",185,37.5
"DomOVL09014",185,38
"DomOVL09014",185,38
"DomOVL09014",185,38.5
"DomOVL09014",185,39
"DomOVL09014",185,39
"DomOVL09014",185,39.5
"DomOVL09014",185,44.5
"DomOVL09014",195,29.5
"DomOVL09014",195,32.5
"DomOVL09014",195,33
"DomOVL09014",195,33.5
"DomOVL09014",195,34
"DomOVL09014",195,34.5
"DomOVL09014",195,34.5
"DomOVL09014",195,35
"DomOVL09014",195,37
"DomOVL09014",195,39
"DomOVL09014",195,41
"DomOVL09014",205,33
"DomOVL09014",205,35
"DomOVL09014",205,38.5
"DomOVL09014",205,39
"DomOVL09014",215,28.5
"DomOVL09014",215,30
"DomOVL09014",215,33
"DomOVL09014",215,35
"DomOVL09014",215,36
"DomOVL09014",215,43
"DomOVL09014",235,38
"DomOVL09167",35,16
"DomOVL09167",75,20
"DomOVL09167",85,21
"DomOVL09167",95,21
"DomOVL09167",95,21
"DomOVL09167",95,21
"DomOVL09167",95,21
"DomOVL09167",105,21
"DomOVL09167",115,30
"DomOVL09167",115,31
"DomOVL09167",125,30
"DomOVL09167",125,30
"DomOVL09167",125,31
"DomOVL09167",125,31
"DomOVL09167",125,31
"DomOVL09167",125,32
"DomOVL09167",125,33
"DomOVL09167",125,33
"DomOVL09167",125,33
"DomOVL09167",125,33
"DomOVL09167",125,33
"DomOVL09167",125,34
"DomOVL09167",125,34
"DomOVL09167",125,34
"DomOVL09167",125,34
"DomOVL09167",125,34
"DomOVL09167",125,34
"DomOVL09167",125,34
"DomOVL09167",125,34
"DomOVL09167",125,34
"DomOVL09167",125,34
"DomOVL09167",125,34
"DomOVL09167",125,34
"DomOVL09167",125,34
"DomOVL09167",135,30
"DomOVL09167",135,31
"DomOVL09167",135,31
"DomOVL09167",135,31
"DomOVL09167",135,32
"DomOVL09167",135,32
"DomOVL09167",135,32
"DomOVL09167",135,33
"DomOVL09167",135,33
"DomOVL09167",135,33
"DomOVL09167",135,34
"DomOVL09167",135,34
"DomOVL09167",135,34
"DomOVL09167",135,34
"DomOVL09167",135,34
"DomOVL09167",135,34
"DomOVL09167",135,34
"DomOVL09167",135,34
"DomOVL09167",135,34
"DomOVL09167",135,34
"DomOVL09167",135,34
"DomOVL09167",135,34
"DomOVL09167",135,34
"DomOVL09167",135,34
"DomOVL09167",135,34
"DomOVL09167",135,34
"DomOVL09167",135,34
"DomOVL09167",135,34
"DomOVL09167",135,34
"DomOVL09167",135,34
"DomOVL09167",135,34
"DomOVL09167",135,34
"DomOVL09167",135,34
"DomOVL09167",135,34
"DomOVL09167",135,34
"DomOVL09167",135,34
"DomOVL09167",135,35
"DomOVL09167",135,35
"DomOVL09167",135,35
"DomOVL09167",135,36
"DomOVL09167",145,29
"DomOVL09167",145,31
"DomOVL09167",145,32
"DomOVL09167",145,33
"DomOVL09167",145,33
"DomOVL09167",145,33
"DomOVL09167",145,33
"DomOVL09167",145,33
"DomOVL09167",145,33
"DomOVL09167",145,33
"DomOVL09167",145,33
"DomOVL09167",145,34
"DomOVL09167",145,34
"DomOVL09167",145,34
"DomOVL09167",145,34
"DomOVL09167",145,34
"DomOVL09167",145,34
"DomOVL09167",145,34
"DomOVL09167",145,34
"DomOVL09167",145,34
"DomOVL09167",145,34
"DomOVL09167",145,34
"DomOVL09167",145,34
"DomOVL09167",145,34
"DomOVL09167",145,34
"DomOVL09167",145,34
"DomOVL09167",145,34
"DomOVL09167",145,34
"DomOVL09167",145,34
"DomOVL09167",145,34
"DomOVL09167",145,34
"DomOVL09167",145,34
"DomOVL09167",145,34
"DomOVL09167",145,35
"DomOVL09167",145,35
"DomOVL09167",145,35
"DomOVL09167",145,35
"DomOVL09167",145,35
"DomOVL09167",145,36
"DomOVL09167",145,36
"DomOVL09167",145,36
"DomOVL09167",145,36
"DomOVL09167",145,36
"DomOVL09167",145,37
"DomOVL09167",155,30
"DomOVL09167",155,31
"DomOVL09167",155,33
"DomOVL09167",155,33
"DomOVL09167",155,34
"DomOVL09167",155,34
"DomOVL09167",155,34
"DomOVL09167",155,34
"DomOVL09167",155,34
"DomOVL09167",155,34
"DomOVL09167",155,34
"DomOVL09167",155,34
"DomOVL09167",155,34
"DomOVL09167",155,34
"DomOVL09167",155,35
"DomOVL09167",155,35
"DomOVL09167",155,35
"DomOVL09167",155,35
"DomOVL09167",155,35
"DomOVL09167",155,35
"DomOVL09167",155,35
"DomOVL09167",155,36
"DomOVL09167",155,36
"DomOVL09167",155,36
"DomOVL09167",155,36
"DomOVL09167",155,36
"DomOVL09167",155,36
"DomOVL09167",155,36
"DomOVL09167",155,36
"DomOVL09167",155,36
"DomOVL09167",155,37
"DomOVL09167",155,37
"DomOVL09167",155,37
"DomOVL09167",155,37
"DomOVL09167",165,31
"DomOVL09167",165,33
"DomOVL09167",165,34
"DomOVL09167",165,34
"DomOVL09167",165,34
"DomOVL09167",165,34
"DomOVL09167",165,34
"DomOVL09167",165,34
"DomOVL09167",165,34
"DomOVL09167",165,34
"DomOVL09167",165,35
"DomOVL09167",165,35
"DomOVL09167",165,35
"DomOVL09167",165,35
"DomOVL09167",165,35
"DomOVL09167",165,35
"DomOVL09167",165,35
"DomOVL09167",165,35
"DomOVL09167",165,35
"DomOVL09167",165,36
"DomOVL09167",165,36
"DomOVL09167",165,36
"DomOVL09167",165,36
"DomOVL09167",165,36
"DomOVL09167",165,36
"DomOVL09167",165,37
"DomOVL09167",165,37
"DomOVL09167",165,37
"DomOVL09167",165,37
"DomOVL09167",165,37
"DomOVL09167",175,30
"DomOVL09167",175,33
"DomOVL09167",175,33
"DomOVL09167",175,33
"DomOVL09167",175,34
"DomOVL09167",175,34
"DomOVL09167",175,34
"DomOVL09167",175,34
"DomOVL09167",175,35
"DomOVL09167",175,36
"DomOVL09167",175,37
"DomOVL09167",175,37
"DomOVL09167",175,38
"DomOVL09167",175,38
"DomOVL09167",185,34
"DomOVL09167",185,34
"DomOVL09167",185,34
"DomOVL09167",185,35
"DomOVL09167",185,35
"DomOVL09167",185,36
"DomOVL09167",185,37
"DomOVL09167",185,37
"DomOVL09167",185,37
"DomOVL09167",185,37
"DomOVL09167",185,38
"DomOVL09167",195,34
"DomOVL09167",195,35
"DomOVL09167",195,35
"DomOVL09167",195,35
"DomOVL09167",195,35
"DomOVL09167",195,37
"DomOVL09167",195,37
"DomOVL09167",195,37
"DomOVL09167",195,37
"DomOVL09167",195,38
"DomOVL09167",195,42
"DomOVL09167",205,34
"DomOVL09167",205,34
"DomOVL09167",205,35
"DomOVL09167",205,35
"DomOVL09167",205,35
"DomOVL09167",205,35
"DomOVL09167",205,37
"DomOVL09167",205,37
"DomOVL09167",205,38
"DomOVL09167",205,40
"DomOVL09167",215,33
"DomOVL09167",215,34
"DomOVL09167",215,35
"DomOVL09167",215,35
"DomOVL09167",215,35
"DomOVL09167",215,35
"DomOVL09167",225,34
"DomOVL09167",225,34
"DomOVL09167",235,34
"DomOVL09167",235,35
"DomOVL09167",235,35
"DomVBR09235",35,13
"DomVBR09235",55,18.5
"DomVBR09235",65,14
"DomVBR09235",65,18.5
"DomVBR09235",65,22
"DomVBR09235",65,22
"DomVBR09235",75,30
"DomVBR09235",85,18.5
"DomVBR09235",85,22.5
"DomVBR09235",85,24.5
"DomVBR09235",85,26
"DomVBR09235",85,28
"DomVBR09235",85,28.5
"DomVBR09235",85,29
"DomVBR09235",95,22
"DomVBR09235",95,24.5
"DomVBR09235",95,26.5
"DomVBR09235",95,26.5
"DomVBR09235",95,27
"DomVBR09235",95,27
"DomVBR09235",95,27.5
"DomVBR09235",95,28
"DomVBR09235",95,28
"DomVBR09235",95,30.5
"DomVBR09235",95,32
"DomVBR09235",105,27
"DomVBR09235",105,27
"DomVBR09235",105,28
"DomVBR09235",105,29.5
"DomVBR09235",105,29.7999992370605
"DomVBR09235",105,30
"DomVBR09235",105,31
"DomVBR09235",105,32
"DomVBR09235",105,32.5
"DomVBR09235",105,34
"DomVBR09235",115,26
"DomVBR09235",115,27.5
"DomVBR09235",115,28
"DomVBR09235",115,28
"DomVBR09235",115,28
"DomVBR09235",115,28.5
"DomVBR09235",115,28.5
"DomVBR09235",115,29
"DomVBR09235",115,29
"DomVBR09235",115,29
"DomVBR09235",115,32
"DomVBR09235",115,32
"DomVBR09235",115,32
"DomVBR09235",115,32
"DomVBR09235",115,32.5
"DomVBR09235",115,35
"DomVBR09235",115,36
"DomVBR09235",125,28
"DomVBR09235",125,28.7999992370605
"DomVBR09235",125,29
"DomVBR09235",125,29.5
"DomVBR09235",125,30
"DomVBR09235",125,30
"DomVBR09235",125,31
"DomVBR09235",125,31
"DomVBR09235",125,31
"DomVBR09235",125,31
"DomVBR09235",125,31
"DomVBR09235",125,32
"DomVBR09235",125,32
"DomVBR09235",125,33
"DomVBR09235",125,33
"DomVBR09235",125,33
"DomVBR09235",125,34
"DomVBR09235",125,34
"DomVBR09235",125,35
"DomVBR09235",125,35
"DomVBR09235",125,35
"DomVBR09235",125,35
"DomVBR09235",125,36
"DomVBR09235",125,36
"DomVBR09235",125,36
"DomVBR09235",125,36
"DomVBR09235",125,36
"DomVBR09235",125,36
"DomVBR09235",125,37
"DomVBR09235",125,37
"DomVBR09235",135,26.5
"DomVBR09235",135,27.5
"DomVBR09235",135,28.5
"DomVBR09235",135,29
"DomVBR09235",135,30
"DomVBR09235",135,30
"DomVBR09235",135,30
"DomVBR09235",135,30
"DomVBR09235",135,30
"DomVBR09235",135,30.5
"DomVBR09235",135,31
"DomVBR09235",135,31.5
"DomVBR09235",135,31.5
"DomVBR09235",135,31.5
"DomVBR09235",135,32
"DomVBR09235",135,32.5
"DomVBR09235",135,33
"DomVBR09235",135,33
"DomVBR09235",135,33
"DomVBR09235",135,33
"DomVBR09235",135,33
"DomVBR09235",135,33
"DomVBR09235",135,33
"DomVBR09235",135,33
"DomVBR09235",135,34
"DomVBR09235",135,34
"DomVBR09235",135,34
"DomVBR09235",135,35
"DomVBR09235",135,35.5
"DomVBR09235",135,36
"DomVBR09235",135,36
"DomVBR09235",135,36
"DomVBR09235",135,36
"DomVBR09235",135,37
"DomVBR09235",135,37
"DomVBR09235",135,37
"DomVBR09235",135,38
"DomVBR09235",145,26
"DomVBR09235",145,29
"DomVBR09235",145,29.5
"DomVBR09235",145,30.5
"DomVBR09235",145,30.5
"DomVBR09235",145,30.5
"DomVBR09235",145,30.5
"DomVBR09235",145,31
"DomVBR09235",145,31
"DomVBR09235",145,31.5
"DomVBR09235",145,31.5
"DomVBR09235",145,32
"DomVBR09235",145,32.5
"DomVBR09235",145,33
"DomVBR09235",145,33
"DomVBR09235",145,33.5
"DomVBR09235",145,34
"DomVBR09235",145,34
"DomVBR09235",145,34
"DomVBR09235",145,34
"DomVBR09235",145,34.5
"DomVBR09235",145,35
"DomVBR09235",145,35
"DomVBR09235",145,35
"DomVBR09235",145,35
"DomVBR09235",145,35.5
"DomVBR09235",145,36
"DomVBR09235",145,36
"DomVBR09235",145,36
"DomVBR09235",145,37
"DomVBR09235",145,38
"DomVBR09235",145,38
"DomVBR09235",155,26.5
"DomVBR09235",155,27
"DomVBR09235",155,29.5
"DomVBR09235",155,30
"DomVBR09235",155,30.5
"DomVBR09235",155,30.5
"DomVBR09235",155,31
"DomVBR09235",155,31
"DomVBR09235",155,31.5
"DomVBR09235",155,32
"DomVBR09235",155,32.5
"DomVBR09235",155,33
"DomVBR09235",155,34
"DomVBR09235",155,35
"DomVBR09235",155,35
"DomVBR09235",155,35
"DomVBR09235",155,36
"DomVBR09235",155,36
"DomVBR09235",155,36
"DomVBR09235",155,36
"DomVBR09235",155,36
"DomVBR09235",155,36
"DomVBR09235",165,24
"DomVBR09235",165,30
"DomVBR09235",165,31.5
"DomVBR09235",165,32
"DomVBR09235",165,32
"DomVBR09235",165,32
"DomVBR09235",165,32.5
"DomVBR09235",165,32.5
"DomVBR09235",165,33
"DomVBR09235",165,33
"DomVBR09235",165,33
"DomVBR09235",165,33.5
"DomVBR09235",165,34
"DomVBR09235",165,35
"DomVBR09235",165,35
"DomVBR09235",165,35
"DomVBR09235",165,37
"DomVBR09235",175,31
"DomVBR09235",175,32.5
"DomVBR09235",175,32.5
"DomVBR09235",175,33
"DomVBR09235",175,33
"DomVBR09235",175,34
"DomVBR09235",175,34
"DomVBR09235",175,34.5
"DomVBR09235",175,35
"DomVBR09235",175,35
"DomVBR09235",175,37
"DomVBR09235",175,38
"DomVBR09235",185,29
"DomVBR09235",185,31
"DomVBR09235",185,32
"DomVBR09235",185,32
"DomVBR09235",185,33
"DomVBR09235",185,34
"DomVBR09235",185,34
"DomVBR09235",185,34.5
"DomVBR09235",185,34.5
"DomVBR09235",185,34.5
"DomVBR09235",185,34.5
"DomVBR09235",185,35
"DomVBR09235",185,35
"DomVBR09235",185,36.5
"DomVBR09235",185,36.5
"DomVBR09235",195,30.5
"DomVBR09235",195,30.5
"DomVBR09235",195,31.5
"DomVBR09235",195,32
"DomVBR09235",195,32.5
"DomVBR09235",195,34
"DomVBR09235",195,34
"DomVBR09235",195,34
"DomVBR09235",195,34.5
"DomVBR09235",195,34.5
"DomVBR09235",195,35
"DomVBR09235",195,35
"DomVBR09235",195,35.5
"DomVBR09235",195,36.5
"DomVBR09235",195,40
"DomVBR09235",205,31.5
"DomVBR09235",205,31.5
"DomVBR09235",205,33
"DomVBR09235",205,33
"DomVBR09235",205,34
"DomVBR09235",205,34
"DomVBR09235",205,34
"DomVBR09235",205,34.5
"DomVBR09235",205,35
"DomVBR09235",205,35
"DomVBR09235",205,36
"DomVBR09235",205,36.5
"DomVBR09235",215,30.5
"DomVBR09235",215,32.5
"DomVBR09235",215,33
"DomVBR09235",215,36.5
"DomVBR09235",225,27.5
"DomVBR09235",225,29.5
"DomVBR09235",225,31
"DomVBR09420",65,23.2
"DomVBR09420",85,23.4
"DomVBR09420",85,24.9
"DomVBR09420",95,25.6
"DomVBR09420",95,27.1
"DomVBR09420",115,33.5
"DomVBR09420",125,26.8
"DomVBR09420",125,30
"DomVBR09420",125,31.2
"DomVBR09420",125,31.4
"DomVBR09420",135,25.1
"DomVBR09420",135,27.6
"DomVBR09420",135,28.9
"DomVBR09420",135,30
"DomVBR09420",135,30.4
"DomVBR09420",135,30.5
"DomVBR09420",135,31
"DomVBR09420",135,31.2
"DomVBR09420",135,33.3
"DomVBR09420",135,34.2
"DomVBR09420",135,38.1
"DomVBR09420",145,28.3
"DomVBR09420",145,31.3
"DomVBR09420",145,32.3
"DomVBR09420",145,33.1
"DomVBR09420",145,34.7
"DomVBR09420",145,37.4
"DomVBR09420",145,38.6
"DomVBR09420",155,26.1
"DomVBR09420",155,31.7
"DomVBR09420",155,36.7
"DomVBR09420",155,37.4
"DomVBR09420",165,30.4
"DomVBR09420",165,31.8
"DomVBR09420",165,32.4
"DomVBR09420",165,34.2
"DomVBR09420",165,34.7
"DomVBR09420",165,35
"DomVBR09420",165,36.5
"DomVBR09420",175,33.7
"DomVBR09420",175,34.2
"DomVBR09420",175,35.2
"DomVBR09420",175,36.1
"DomVBR09420",175,37.1
"DomVBR09420",175,38
"DomVBR09420",185,31.6
"DomVBR09420",185,31.8
"DomVBR09420",185,33.4
"DomVBR09420",185,36.1
"DomVBR09420",185,37.5
"DomVBR09420",185,38.6
"DomVBR09420",185,38.6
"DomVBR09420",195,34.4
"DomVBR09420",205,25.9
"DomVBR09420",215,30.9
"DomVBR09420",215,31.4
"DomVBR09420",215,35.6
"DomVBR09420",225,26.6
"DomVBR13030",25,9.1
"DomVBR13030",35,10.2
"DomVBR13030",35,10.2
"DomVBR13030",35,10.5
"DomVBR13030",35,15.1999998092651
"DomVBR13030",45,12.1
"DomVBR13030",45,12.2
"DomVBR13030",45,14.3
"DomVBR13030",45,14.8
"DomVBR13030",55,13.7
"DomVBR13030",55,14
"DomVBR13030",55,14
"DomVBR13030",55,14.8
"DomVBR13030",55,15.2
"DomVBR13030",65,17
"DomVBR13030",75,18.5
"DomVBR13030",95,24.7
"DomVBR13030",105,22.7
"DomVBR13030",105,25.5
"DomVBR13030",105,25.6
"DomVBR13030",105,27.6
"DomVBR13030",105,28.5
"DomVBR13030",115,23.8
"DomVBR13030",115,24.5
"DomVBR13030",115,27.5
"DomVBR13030",115,27.5
"DomVBR13030",115,28
"DomVBR13030",125,26.4
"DomVBR13030",125,27.5
"DomVBR13030",125,27.7
"DomVBR13030",125,27.8
"DomVBR13030",125,27.9
"DomVBR13030",125,28
"DomVBR13030",125,28.4
"DomVBR13030",125,28.4
"DomVBR13030",125,28.4
"DomVBR13030",125,28.6
"DomVBR13030",125,28.8
"DomVBR13030",125,29.7
"DomVBR13030",125,30.4
"DomVBR13030",135,23.3
"DomVBR13030",135,23.9
"DomVBR13030",135,24.9
"DomVBR13030",135,25
"DomVBR13030",135,25.4
"DomVBR13030",135,26.5
"DomVBR13030",135,26.7
"DomVBR13030",135,27.1
"DomVBR13030",135,28.1
"DomVBR13030",135,28.2
"DomVBR13030",135,28.3
"DomVBR13030",135,28.3
"DomVBR13030",135,28.5
"DomVBR13030",135,28.8
"DomVBR13030",135,29.2
"DomVBR13030",135,29.2
"DomVBR13030",135,30.2
"DomVBR13030",135,31
"DomVBR13030",135,38.9
"DomVBR13030",145,25.2
"DomVBR13030",145,26.4
"DomVBR13030",145,26.6
"DomVBR13030",145,26.9
"DomVBR13030",145,27.8
"DomVBR13030",145,29.7
"DomVBR13030",145,30.7
"DomVBR13030",145,30.8
"DomVBR13030",145,31
"DomVBR13030",155,28
"DomVBR13030",155,28.6
"DomVBR13030",155,29
"DomVBR13030",155,29.9
"DomVBR13030",155,30
"DomVBR13030",155,30.3
"DomVBR13030",165,27.9
"DomVBR13030",165,28.9
"DomVBR13030",165,31.7
"DomVBR13030",175,26.8
"DomVBR13030",175,36
"DomVBR13030",185,31.8
"DomVBR13030",185,35.2
"DomVBR13030",195,31.2
"DomVBR13030",205,32.9
"DomVBR13030",225,32.6
"DomVBR13030",235,33.4
"DomVBR14001",25,14
"DomVBR14001",25,15
"DomVBR14001",25,15
"DomVBR14001",25,15
"DomVBR14001",25,15
"DomVBR14001",35,15
"DomVBR14001",35,15
"DomVBR14001",35,15
"DomVBR14001",35,15
"DomVBR14001",35,15
"DomVBR14001",35,15
"DomVBR14001",35,15
"DomVBR14001",35,15
"DomVBR14001",35,15
"DomVBR14001",35,16
"DomVBR14001",35,16
"DomVBR14001",45,15
"DomVBR14001",45,16
"DomVBR14001",45,16
"DomVBR14001",45,17
"DomVBR14001",45,17
"DomVBR14001",75,25
"DomVBR14001",85,23
"DomVBR14001",85,25
"DomVBR14001",95,25
"DomVBR14001",105,25
"DomVBR14001",105,25
"DomVBR14001",105,26
"DomVBR14001",115,25
"DomVBR14001",115,26
"DomVBR14001",115,26
"DomVBR14001",125,26
"DomVBR14001",125,26
"DomVBR14001",125,26
"DomVBR14001",125,27
"DomVBR14001",125,27
"DomVBR14001",125,30
"DomVBR14001",125,30
"DomVBR14001",135,27
"DomVBR14001",135,28
"DomVBR14001",135,29
"DomVBR14001",135,30
"DomVBR14001",135,30
"DomVBR14001",135,30
"DomVBR14001",135,30
"DomVBR14001",135,30
"DomVBR14001",135,30
"DomVBR14001",135,30
"DomVBR14001",135,30
"DomVBR14001",145,30
"DomVBR14001",145,30
"DomVBR14001",145,30
"DomVBR14001",145,30
"DomVBR14001",145,30
"DomVBR14001",145,31
"DomVBR14001",145,31
"DomVBR14001",145,32
"DomVBR14001",145,32
"DomVBR14001",145,32
"DomVBR14001",145,33
"DomVBR14001",145,33
"DomVBR14001",145,34
"DomVBR14001",155,30
"DomVBR14001",155,31
"DomVBR14001",165,31
"DomVBR14001",165,31
"DomVBR14001",165,34
"DomVBR14001",205,30
"DomVBR14001",205,30
"DomVBR14001",205,30
"DomVBR14001",215,38
"DomVBR14001",225,34
"DomVBR14001",225,38
"DomWVL09023",65,24
"DomWVL09023",85,12
"DomWVL09023",85,18
"DomWVL09023",85,20
"DomWVL09023",85,20
"DomWVL09023",95,19
"DomWVL09023",95,20
"DomWVL09023",95,25
"DomWVL09023",105,21
"DomWVL09023",105,24
"DomWVL09023",115,21
"DomWVL09023",115,21
"DomWVL09023",125,19
"DomWVL09023",125,22
"DomWVL09023",125,24
"DomWVL09023",125,25
"DomWVL09023",125,27
"DomWVL09023",135,23
"DomWVL09023",135,23
"DomWVL09023",135,23
"DomWVL09023",135,25
"DomWVL09023",135,25
"DomWVL09023",135,27
"DomWVL09023",145,22
"DomWVL09023",145,23
"DomWVL09023",145,23
"DomWVL09023",145,23
"DomWVL09023",145,24
"DomWVL09023",145,24
"DomWVL09023",145,25
"DomWVL09023",145,25
"DomWVL09023",145,26
"DomWVL09023",155,23
"DomWVL09023",155,23
"DomWVL09023",155,23
"DomWVL09023",155,25
"DomWVL09023",155,25
"DomWVL09023",155,26
"DomWVL09023",165,25
"DomWVL09023",165,26
"DomWVL09023",165,27
"DomWVL09023",165,28
"DomWVL09023",165,29
"DomWVL09023",175,24
"DomWVL09023",175,26
"DomWVL09023",175,26
"DomWVL09023",175,26
"DomWVL09023",175,27
"DomWVL09023",185,25
"DomWVL09023",185,27
"DomWVL09023",185,28
"DomWVL09023",195,24
"DomWVL09023",195,24
"DomWVL09023",195,24
"DomWVL09023",195,25
"DomWVL09023",195,27
"DomWVL09023",195,29
"DomWVL09023",205,25
"DomWVL09023",205,25
"DomWVL09023",205,25
"DomWVL09023",205,25
"DomWVL09023",205,26
"DomWVL09023",205,28
"DomWVL09023",215,27
"DomWVL09023",215,28
"DomWVL09023",225,24
"DomWVL09023",225,26
"DomWVL09023",225,27
"DomWVL09023",225,28
"DomWVL09023",225,29
"DomWVL09023",235,27
"DomWVL09023",235,27
"DomWVL09023",235,27
"DomWVL09023",235,30
"DomWVL09056",55,23
"DomWVL09056",65,24
"DomWVL09056",75,25
"DomWVL09056",75,25
"DomWVL09056",75,26
"DomWVL09056",75,26
"DomWVL09056",95,26.5
"DomWVL09056",105,26
"DomWVL09056",105,31
"DomWVL09056",115,27
"DomWVL09056",125,28
"DomWVL09056",125,31
"DomWVL09056",125,32
"DomWVL09056",125,32.5
"DomWVL09056",135,27
"DomWVL09056",135,32
"DomWVL09056",135,32
"DomWVL09056",135,32.5
"DomWVL09056",135,33
"DomWVL09056",135,33
"DomWVL09056",135,33.5
"DomWVL09056",135,34
"DomWVL09056",135,34
"DomWVL09056",145,27.5
"DomWVL09056",145,28
"DomWVL09056",145,30
"DomWVL09056",145,31
"DomWVL09056",145,31.5
"DomWVL09056",145,32.5
"DomWVL09056",145,32.5
"DomWVL09056",145,34
"DomWVL09056",145,34
"DomWVL09056",145,34
"DomWVL09056",145,34.5
"DomWVL09056",155,31.5
"DomWVL09056",155,32
"DomWVL09056",155,32
"DomWVL09056",155,32
"DomWVL09056",155,33
"DomWVL09056",155,33
"DomWVL09056",155,33.5
"DomWVL09056",155,34
"DomWVL09056",155,35
"DomWVL09056",155,35
"DomWVL09056",165,27.5
"DomWVL09056",165,32
"DomWVL09056",165,32
"DomWVL09056",165,33
"DomWVL09056",165,33
"DomWVL09056",165,33.5
"DomWVL09056",165,33.5
"DomWVL09056",165,33.5
"DomWVL09056",165,34
"DomWVL09056",165,34
"DomWVL09056",165,34
"DomWVL09056",165,35
"DomWVL09056",165,35
"DomWVL09056",165,36
"DomWVL09056",175,33
"DomWVL09056",175,33.5
"DomWVL09056",175,33.5
"DomWVL09056",175,34
"DomWVL09056",175,34
"DomWVL09056",175,34
"DomWVL09056",175,35
"DomWVL09056",175,36
"DomWVL09056",175,37
"DomWVL09056",185,34.5
"DomWVL09056",185,35
"DomWVL09056",185,36
"DomWVL09056",195,30
"DomWVL09056",195,31
"DomWVL09056",195,35
"DomWVL09056",195,35
"DomWVL09056",195,35
"DomWVL09056",195,36
"DomWVL09056",195,36
"DomWVL09056",195,36
"DomWVL09056",195,37
"DomWVL09056",205,33
"DomWVL09056",205,34
"DomWVL09056",205,34
"DomWVL09056",205,34
"DomWVL09056",205,36
"DomWVL09056",205,36
"DomWVL09056",215,33
"DomWVL09056",215,35
"DomWVL09056",215,35
"DomWVL09056",215,35
"DomWVL09056",215,36
"DomWVL09056",225,30
"DomWVL09056",225,36
"DomWVL09056",225,36.5
"DomWVL09056",225,36.5
"DomWVL09056",225,36.5
"DomWVL09172",85,20
"DomWVL09172",85,20
"DomWVL09172",85,20
"DomWVL09172",95,19
"DomWVL09172",105,19.5
"DomWVL09172",105,20
"DomWVL09172",105,21
"DomWVL09172",105,21
"DomWVL09172",105,22
"DomWVL09172",105,22
"DomWVL09172",105,22
"DomWVL09172",115,20
"DomWVL09172",115,20.5
"DomWVL09172",115,22
"DomWVL09172",115,22
"DomWVL09172",115,22
"DomWVL09172",125,21.5
"DomWVL09172",125,21.5
"DomWVL09172",125,21.5
"DomWVL09172",125,21.5
"DomWVL09172",125,23.5
"DomWVL09172",125,23.5
"DomWVL09172",125,23.5
"DomWVL09172",125,23.5
"DomWVL09172",125,25
"DomWVL09172",125,25
"DomWVL09172",125,25
"DomWVL09172",125,25
"DomWVL09172",165,35
"DomWVL09172",165,35
"DomWVL09172",165,35
"DomWVL09172",165,35
"DomWVL09172",165,35
"DomWVL09172",165,35
"DomWVL09172",165,35
"DomWVL09172",165,35
"DomWVL09172",165,35
"DomWVL09172",165,35
"DomWVL09172",175,21.5
"DomWVL09172",175,21.5
"DomWVL09172",175,21.5
"DomWVL09172",175,21.5
"DomWVL09172",195,35
"DomWVL09172",195,35
"DomWVL09172",195,35
"DomWVL09172",195,35
"DomWVL09172",195,35
"DomWVL09172",195,35
"DomWVL09172",195,35
"DomWVL09172",195,35
"DomWVL09172",195,35
"DomWVL09172",195,35
"DomWVL09172",195,35
"DomWVL09172",215,23
"DomWVL09258",85,16
"DomWVL09258",125,21
"DomWVL09258",125,23.5
"DomWVL09258",125,25
"DomWVL09258",125,25.5
"DomWVL09258",125,28
"DomWVL09258",125,28.5
"DomWVL09258",135,22.5
"DomWVL09258",135,25.5
"DomWVL09258",135,31.5
"DomWVL09258",145,22
"DomWVL09258",145,24
"DomWVL09258",145,25
"DomWVL09258",145,25.5
"DomWVL09258",145,26
"DomWVL09258",145,27
"DomWVL09258",145,27
"DomWVL09258",145,27.5
"DomWVL09258",145,30
"DomWVL09258",145,30
"DomWVL09258",145,39
"DomWVL09258",155,24
"DomWVL09258",155,25
"DomWVL09258",155,29.5
"DomWVL09258",165,25
"DomWVL09258",165,27
"DomWVL09258",165,32
"DomWVL09258",165,32
"DomWVL09258",165,33.5
"DomWVL09258",165,34
"DomWVL09258",165,34.5
"DomWVL09258",165,35
"DomWVL09258",175,22
"DomWVL09258",175,26.5
"DomWVL09258",175,26.5
"DomWVL09258",175,31.5
"DomWVL09258",175,38.5
"DomWVL09258",175,38.5
"DomWVL09258",185,31
"DomWVL09258",185,32.5
"DomWVL09258",185,33
"DomWVL09258",185,33.5
"DomWVL09258",185,33.5
"DomWVL09258",185,34.5
"DomWVL09258",185,35
"DomWVL09258",195,24
"DomWVL09258",195,30
"DomWVL09258",195,30.5
"DomWVL09258",195,34.5
"DomWVL09258",205,30.5
"DomWVL09258",205,33
"DomWVL09258",205,34.5
"DomWVL09258",205,34.5
"DomWVL09258",205,36
"DomWVL09258",205,38.5
"DomWVL09258",215,39.5
"DomWVL09258",225,35
"DomWVL09258",235,30
"DomWVL09258",235,35.5
