transect	x	y	order
17321	4.247619	50.735092	1
17321	4.247505	50.735155	2
17321	4.247384	50.735224	3
17321	4.247266	50.735336	4
17321	4.247154	50.73542	5
17321	4.247017	50.735513	6
17321	4.246895	50.735599	7
17321	4.246778	50.735671	8
17321	4.246639	50.735771	9
17321	4.246562	50.735837	10
17321	4.246497	50.735873	11
17321	4.246344	50.735951	12
17321	4.246228	50.736032	13
17321	4.246109	50.73611	14
17321	4.245999	50.736201	15
17321	4.245874	50.736282	16
17321	4.243746	50.73811	17
17321	4.243791	50.738087	18
17321	4.243698	50.73814	19
17321	4.243645	50.738241	20
17321	4.243558	50.738349	21
17321	4.243459	50.738443	22
17321	4.24336	50.738533	23
17321	4.243204	50.738632	24
17321	4.243094	50.738699	25
17321	4.241584	50.738837	26
17321	4.243094	50.738699	27
17321	4.243088	50.738704	28
17321	4.241525	50.738826	29
17321	4.241841	50.738941	30
17321	4.241841	50.738994	31
17321	4.24203	50.739079	32
17321	4.242034	50.739087	33
17321	4.24198	50.739182	34
17321	4.242011	50.739144	35
17321	4.241918	50.739292	36
17321	4.241924	50.739346	37
17321	4.241976	50.739463	38
17321	4.241869	50.739549	39
17321	4.24185	50.739681	40
17321	4.241865	50.739779	41
17321	4.241856	50.739969	42
17321	4.24188	50.740101	43
17321	4.241911	50.74022	44
17321	4.241944	50.740349	45
17321	4.241983	50.740461	46
17321	4.242039	50.740547	47
17321	4.242121	50.740629	48
17321	4.242184	50.740736	49
17321	4.242366	50.740683	50
17321	4.242289	50.740673	51
17321	4.242364	50.740677	52
17321	4.242508	50.740688	53
17321	4.242294	50.740678	54
17321	4.242622	50.740764	55
17321	4.242631	50.740805	56
17321	4.242624	50.740825	57
17321	4.242817	50.740772	58
17321	4.242981	50.740733	59
17321	4.243167	50.740764	60
17321	4.243371	50.740763	61
17321	4.243507	50.740824	62
17321	4.243562	50.74095	63
17321	4.243633	50.741054	64
17321	4.243738	50.741156	65
17321	4.243846	50.741261	66
17321	4.243946	50.74136	67
17321	4.244032	50.741476	68
17321	4.244025	50.741506	69
17321	4.244015	50.741552	70
17321	4.244006	50.741499	71
17321	4.244043	50.741488	72
17321	4.244207	50.741516	73
17321	4.244377	50.741509	74
17321	4.244529	50.741503	75
17321	4.244704	50.741535	76
17321	4.244788	50.741616	77
17321	4.24481	50.741641	78
17321	4.244819	50.741632	79
17321	4.244931	50.741726	80
17321	4.245105	50.741763	81
17321	4.245283	50.741748	82
17321	4.245467	50.741747	83
17321	4.245644	50.741749	84
17321	4.245809	50.741787	85
17321	4.246002	50.741832	86
17321	4.246155	50.741889	87
17321	4.246318	50.74193	88
17321	4.246465	50.742018	89
17321	4.246597	50.742138	90
17321	4.2467	50.742253	91
17321	4.246765	50.742361	92
17321	4.246866	50.742463	93
17321	4.247009	50.742405	94
17321	4.247096	50.742295	95
17321	4.247306	50.742274	96
17321	4.247383	50.742313	97
17321	4.247416	50.742373	98
17321	4.247427	50.742451	99
17321	4.247422	50.742497	100
17321	4.247322	50.742583	101
17321	4.247202	50.742674	102
17321	4.247191	50.742683	103
17321	4.247072	50.742753	104
17321	4.246971	50.742832	105
17321	4.247046	50.74278	106
17321	4.247095	50.742751	107
17321	4.247225	50.74267	108
17321	4.24737	50.742605	109
17321	4.247428	50.742489	110
17321	4.247478	50.742365	111
17321	4.247529	50.742246	112
17321	4.247504	50.742139	113
17321	4.247531	50.742037	114
17321	4.247709	50.741968	115
17321	4.247807	50.741882	116
17321	4.247722	50.741759	117
17321	4.247585	50.741653	118
17321	4.247486	50.741543	119
17321	4.247481	50.741448	120
17321	4.247578	50.741533	121
17321	4.247701	50.741629	122
17321	4.24782	50.741736	123
17321	4.24792	50.741847	124
17321	4.248081	50.741796	125
17321	4.248229	50.741733	126
17321	4.248368	50.741669	127
17321	4.248528	50.741621	128
17321	4.248674	50.741551	129
17321	4.248599	50.74141	130
17321	4.248512	50.741312	131
17321	4.248431	50.741214	132
17321	4.248317	50.741122	133
17321	4.248462	50.741215	134
17321	4.248569	50.7413	135
17321	4.248715	50.741375	136
17321	4.248844	50.741427	137
17321	4.248977	50.741316	138
17321	4.249103	50.741256	139
17321	4.249253	50.74118	140
17321	4.24933	50.741073	141
17321	4.249486	50.740989	142
17321	4.249688	50.740903	143
17321	4.249859	50.740864	144
17321	4.24987	50.740803	145
17321	4.249729	50.740782	146
17321	4.249495	50.740806	147
17321	4.249546	50.740801	148
17321	4.249445	50.740819	149
17321	4.24932	50.740746	150
17321	4.249232	50.740715	151
17321	4.249092	50.740641	152
17321	4.249083	50.74063	153
17321	4.24905	50.740541	154
17321	4.248592	50.740308	155
17321	4.248635	50.740314	156
17321	4.248395	50.740239	157
17321	4.248188	50.740157	158
17321	4.247988	50.740085	159
17321	4.247771	50.739988	160
17321	4.247741	50.739877	161
17321	4.2477	50.739746	162
17321	4.247597	50.739608	163
17321	4.247664	50.739513	164
17321	4.247801	50.739381	165
17321	4.247827	50.739274	166
17321	4.247766	50.73918	167
17321	4.247608	50.739104	168
17321	4.247424	50.73916	169
17321	4.24727	50.739186	170
17321	4.247114	50.739094	171
17321	4.247056	50.738979	172
17321	4.247089	50.738863	173
17321	4.246968	50.738765	174
17321	4.246787	50.738714	175
17321	4.246616	50.738686	176
17321	4.246416	50.738649	177
17321	4.246235	50.738626	178
17321	4.246171	50.738746	179
17321	4.246393	50.739274	180
17321	4.246593	50.739297	181
17321	4.246654	50.73933	182
17321	4.246686	50.739385	183
17321	4.246822	50.739467	184
17321	4.246873	50.739584	185
17321	4.246898	50.739609	186
17321	4.246954	50.739702	187
17321	4.247035	50.739742	188
17321	4.247098	50.739805	189
17321	4.247219	50.739923	190
17321	4.247374	50.740047	191
17321	4.247492	50.740149	192
17321	4.247609	50.74022	193
17321	4.247728	50.740373	194
17321	4.247854	50.740498	195
17321	4.247965	50.740611	196
17321	4.248046	50.740712	197
17321	4.248144	50.740823	198
17321	4.24827	50.740915	199
17321	4.248388	50.741011	200
17321	4.248511	50.741097	201
17321	4.248643	50.741188	202
17321	4.248732	50.741297	203
17321	4.248848	50.74137	204
17321	4.248994	50.741321	205
17321	4.249139	50.741256	206
17321	4.249245	50.741177	207
17321	4.249328	50.741036	208
17321	4.249448	50.740944	209
17321	4.249613	50.740864	210
17321	4.249767	50.740794	211
17321	4.249938	50.740735	212
17321	4.250098	50.740745	213
17321	4.250248	50.740781	214
17321	4.250357	50.740834	215
17321	4.250439	50.740827	216
17321	4.250962	50.74109	217
17321	4.250953	50.741076	218
17321	4.250588	50.740893	219
17321	4.250972	50.7411	220
17321	4.251067	50.741158	221
17321	4.251225	50.741234	222
17321	4.251336	50.741311	223
17321	4.251486	50.741384	224
17321	4.251577	50.741458	225
17321	4.251777	50.741478	226
17321	4.251955	50.741439	227
17321	4.252099	50.741408	228
17321	4.252208	50.741515	229
17321	4.252305	50.741574	230
17321	4.252431	50.741682	231
17321	4.252556	50.741703	232
17321	4.252692	50.74183	233
17321	4.252783	50.741901	234
17321	4.252888	50.742005	235
17321	4.253078	50.742012	236
17321	4.253199	50.741919	237
17321	4.253269	50.741838	238
17321	4.253286	50.741821	239
17321	4.253337	50.741728	240
17321	4.25327	50.741634	241
17321	4.253242	50.741628	242
17321	4.253182	50.741515	243
17321	4.253092	50.741361	244
17321	4.253008	50.741245	245
17321	4.252963	50.741131	246
17321	4.253143	50.741093	247
17321	4.253291	50.741013	248
17321	4.25352	50.741014	249
17321	4.25368	50.741007	250
17321	4.253784	50.741004	251
17321	4.253868	50.741004	252
17321	4.253937	50.741015	253
17321	4.253961	50.741007	254
17321	4.254059	50.740953	255
17321	4.254059	50.740952	256
17321	4.25408	50.740952	257
17321	4.254106	50.740966	258
17321	4.254185	50.740886	259
17321	4.254232	50.740859	260
17321	4.254283	50.740812	261
17321	4.254324	50.74075	262
17321	4.254335	50.740748	263
17321	4.254305	50.740775	264
17321	4.254484	50.740699	265
17321	4.254573	50.740643	266
17321	4.254591	50.740633	267
17321	4.254731	50.740598	268
17321	4.254813	50.740549	269
17321	4.254932	50.740431	270
17321	4.255028	50.740303	271
17321	4.255132	50.740192	272
17321	4.255239	50.740104	273
17321	4.255329	50.740012	274
17321	4.255404	50.739924	275
17321	4.255507	50.739778	276
17321	4.255643	50.739703	277
17321	4.255822	50.739649	278
17321	4.255982	50.739634	279
17321	4.256093	50.739615	280
17321	4.256129	50.739613	281
17321	4.256201	50.739575	282
17321	4.256322	50.739495	283
17321	4.256498	50.739428	284
17321	4.256651	50.739389	285
17321	4.256852	50.73928	286
17321	4.257053	50.73918	287
17321	4.257233	50.739075	288
17321	4.257396	50.738993	289
17321	4.257606	50.738917	290
17321	4.257794	50.738864	291
17321	4.257963	50.738807	292
17321	4.258126	50.738723	293
17321	4.258288	50.738624	294
17321	4.258396	50.738515	295
17321	4.258503	50.738438	296
17321	4.258601	50.738346	297
17321	4.258719	50.73826	298
17321	4.258794	50.73813	299
17321	4.25889	50.738029	300
17321	4.258892	50.738021	301
17321	4.258982	50.737949	302
17321	4.259041	50.737921	303
17321	4.259156	50.737838	304
17321	4.259318	50.737742	305
17321	4.259457	50.737666	306
17321	4.259488	50.737652	307
17321	4.259597	50.737586	308
17321	4.25961	50.737569	309
17321	4.259698	50.737491	310
17321	4.259856	50.737439	311
17321	4.260045	50.737357	312
17321	4.260246	50.737356	313
17321	4.260425	50.737388	314
17321	4.260612	50.737382	315
17321	4.26074	50.737317	316
17321	4.260584	50.737316	317
17321	4.260395	50.737293	318
17321	4.260193	50.737281	319
17321	4.260011	50.73726	320
17321	4.259959	50.73726	321
17321	4.259823	50.737224	322
17321	4.259803	50.737204	323
17321	4.259757	50.737185	324
17321	4.259737	50.737183	325
17321	4.259803	50.737204	326
17321	4.259604	50.737156	327
17321	4.259431	50.73713	328
17321	4.259286	50.737105	329
17321	4.25915	50.737046	330
17321	4.258927	50.737011	331
17321	4.258722	50.736941	332
17321	4.258515	50.736871	333
17321	4.258348	50.736842	334
17321	4.258206	50.736792	335
17321	4.258065	50.736737	336
17321	4.257917	50.736668	337
17321	4.257751	50.736562	338
17321	4.257639	50.736491	339
17321	4.257476	50.736436	340
17321	4.25734	50.736365	341
17321	4.25721	50.736288	342
17321	4.257072	50.736214	343
17321	4.256955	50.736131	344
17321	4.256821	50.736032	345
17321	4.256704	50.735948	346
17321	4.256587	50.735852	347
17321	4.25658	50.73584	348
17321	4.25658	50.73584	349
17321	4.256555	50.735777	350
17321	4.25654	50.735652	351
17321	4.256635	50.735532	352
17321	4.256714	50.735422	353
17321	4.256907	50.735487	354
17321	4.257077	50.735523	355
17321	4.25728	50.73555	356
17321	4.257455	50.735595	357
17321	4.257644	50.735607	358
17321	4.257801	50.735602	359
17321	4.257959	50.7356	360
17321	4.258341	50.735631	361
17321	4.258372	50.735614	362
17321	4.258085	50.735579	363
17321	4.258523	50.73559	364
17321	4.258684	50.735589	365
17321	4.258867	50.735578	366
17321	4.259075	50.73559	367
17321	4.259299	50.735584	368
17321	4.259525	50.735551	369
17321	4.259704	50.735518	370
17321	4.25988	50.735493	371
17321	4.260019	50.735474	372
17321	4.260201	50.735413	373
17321	4.260303	50.7354	374
17321	4.26031	50.735413	375
17321	4.260346	50.735405	376
17321	4.260445	50.735326	377
17321	4.260523	50.735288	378
17321	4.260546	50.735273	379
17321	4.260626	50.735236	380
17321	4.260657	50.735217	381
17321	4.260747	50.735163	382
17321	4.260842	50.735118	383
17321	4.260943	50.735008	384
17321	4.261026	50.734909	385
17321	4.26118	50.734825	386
17321	4.26118	50.734825	387
17321	4.261322	50.734742	388
17321	4.261408	50.734698	389
17321	4.261466	50.73467	390
17321	4.261507	50.734575	391
17321	4.26131	50.734532	392
17321	4.261145	50.734506	393
17321	4.26102	50.734483	394
17321	4.260814	50.734435	395
17321	4.260635	50.734406	396
17321	4.260415	50.734368	397
17321	4.260258	50.734337	398
17321	4.260107	50.7343	399
17321	4.259938	50.734277	400
17321	4.259777	50.734227	401
17321	4.259593	50.73418	402
17321	4.259396	50.734141	403
17321	4.259207	50.734113	404
17321	4.25904	50.734073	405
17321	4.258854	50.734044	406
17321	4.258669	50.734018	407
17321	4.258507	50.733993	408
17321	4.258343	50.733966	409
17321	4.25816	50.733941	410
17321	4.257986	50.73391	411
17321	4.257872	50.733853	412
17321	4.257916	50.733712	413
17321	4.257902	50.733594	414
17321	4.257926	50.733503	415
17321	4.258011	50.733362	416
17321	4.258098	50.733219	417
17321	4.25818	50.733122	418
17321	4.25826	50.733031	419
17321	4.258383	50.732937	420
17321	4.258507	50.732824	421
17321	4.258574	50.732686	422
17321	4.258662	50.732604	423
17321	4.258771	50.732486	424
17321	4.258892	50.732385	425
17321	4.258992	50.732272	426
17321	4.259081	50.732161	427
17321	4.259176	50.732061	428
17321	4.259203	50.731958	429
17321	4.259202	50.731847	430
17321	4.259157	50.731752	431
17321	4.25907	50.731617	432
17321	4.258977	50.731521	433
17321	4.258924	50.731419	434
17321	4.258805	50.731298	435
17321	4.258689	50.731207	436
17321	4.258635	50.731078	437
17321	4.25851	50.730983	438
17321	4.258383	50.730872	439
17321	4.258356	50.730772	440
17321	4.258342	50.730643	441
17321	4.258267	50.730524	442
17321	4.258176	50.730426	443
17321	4.257997	50.730306	444
17321	4.25787	50.730175	445
17321	4.25774	50.730115	446
17321	4.25756	50.730194	447
17321	4.257364	50.730262	448
17321	4.257162	50.730322	449
17321	4.256984	50.730315	450
17321	4.256797	50.730377	451
17321	4.256605	50.730433	452
17321	4.256416	50.730462	453
17321	4.256219	50.730525	454
17321	4.256066	50.730578	455
17321	4.255891	50.730646	456
17321	4.255737	50.7307	457
17321	4.255544	50.730756	458
17321	4.255366	50.730819	459
17321	4.255187	50.730868	460
17321	4.254974	50.730908	461
17321	4.254808	50.730931	462
17321	4.25463	50.730959	463
17321	4.254452	50.73102	464
17321	4.254251	50.731057	465
17321	4.254089	50.731116	466
17321	4.253915	50.73117	467
17321	4.25378	50.73124	468
17321	4.253782	50.731235	469
17321	4.253783	50.731236	470
17321	4.248918	50.73326	471
17321	4.248898	50.733254	472
17321	4.248907	50.733255	473
17321	4.248907	50.733256	474
17321	4.248867	50.733255	475
17321	4.24872	50.733264	476
17321	4.248554	50.73329	477
17321	4.248371	50.733305	478
17321	4.248207	50.733317	479
17321	4.248043	50.733331	480
17321	4.247871	50.733331	481
17321	4.24765	50.733348	482
17321	4.247512	50.733431	483
17321	4.247296	50.733465	484
17321	4.247134	50.733445	485
17321	4.246977	50.733444	486
17321	4.246981	50.733445	487
17321	4.246979	50.733447	488
17321	4.246732	50.73344	489
17321	4.24674	50.733447	490
17321	4.246732	50.733443	491
17321	4.246557	50.733476	492
17321	4.2464	50.733482	493
17321	4.246274	50.733482	494
17321	4.246154	50.73342	495
17321	4.24613	50.733388	496
17321	4.246103	50.733353	497
17321	4.246023	50.733299	498
17321	4.245902	50.733203	499
17321	4.245821	50.733126	500
17321	4.245711	50.733047	501
17321	4.245569	50.732942	502
17321	4.245469	50.732851	503
17321	4.245316	50.732816	504
17321	4.245151	50.732747	505
17321	4.245036	50.732641	506
17321	4.244912	50.732597	507
17321	4.244816	50.732518	508
17321	4.244782	50.73245	509
17321	4.244624	50.732382	510
17321	4.244411	50.732211	511
17321	4.244402	50.732043	512
17321	4.24434	50.731283	513
17321	4.244362	50.731281	514
17321	4.244242	50.73121	515
17321	4.244156	50.731111	516
17321	4.244038	50.730992	517
17321	4.244033	50.730865	518
17321	4.244035	50.730841	519
17321	4.244044	50.730826	520
17321	4.243978	50.730873	521
17321	4.243931	50.73089	522
17321	4.243834	50.730929	523
17321	4.24387	50.730913	524
17321	4.24387	50.730913	525
17321	4.24373	50.730999	526
17321	4.243583	50.731055	527
17321	4.243372	50.731017	528
17321	4.243311	50.73096	529
17321	4.243291	50.730953	530
17321	4.243224	50.730903	531
17321	4.243054	50.730841	532
17321	4.242968	50.730764	533
17321	4.242872	50.730682	534
17321	4.24277	50.730596	535
17321	4.242608	50.730504	536
17321	4.242506	50.730403	537
17321	4.242391	50.73031	538
17321	4.242233	50.730239	539
17321	4.242128	50.730166	540
17321	4.241935	50.730155	541
17321	4.241783	50.730086	542
17321	4.241678	50.730011	543
17321	4.241597	50.729918	544
17321	4.241419	50.729864	545
17321	4.241216	50.729916	546
17321	4.241087	50.729995	547
17321	4.240991	50.730075	548
17321	4.240873	50.730154	549
17321	4.240733	50.730249	550
17321	4.240609	50.730392	551
17321	4.240622	50.730372	552
17321	4.240526	50.730487	553
17321	4.240482	50.730588	554
17321	4.240357	50.730681	555
17321	4.240217	50.73077	556
17321	4.240199	50.730899	557
17321	4.240146	50.731014	558
17321	4.240035	50.731128	559
17321	4.239936	50.731205	560
17321	4.23983	50.731276	561
17321	4.239711	50.731362	562
17321	4.239622	50.731464	563
17321	4.239493	50.731558	564
17321	4.23942	50.731636	565
17321	4.239282	50.731726	566
17321	4.239134	50.731809	567
17321	4.239065	50.731909	568
17321	4.23893	50.732004	569
17321	4.238789	50.73208	570
17321	4.238625	50.732165	571
17321	4.238458	50.732194	572
17321	4.238279	50.732208	573
17321	4.23813	50.73225	574
17321	4.238126	50.732251	575
17321	4.238105	50.732247	576
17321	4.238084	50.73222	577
17321	4.238045	50.73222	578
17321	4.237953	50.732257	579
17321	4.237832	50.732335	580
17321	4.23771	50.732399	581
17321	4.237706	50.732397	582
17321	4.237855	50.732336	583
17321	4.237937	50.73233	584
17321	4.237976	50.732387	585
17321	4.238048	50.732353	586
17321	4.238146	50.7323	587
17321	4.238201	50.732283	588
17321	4.238268	50.732331	589
17321	4.23832	50.732366	590
17321	4.238355	50.732401	591
17321	4.238407	50.732449	592
17321	4.238438	50.732489	593
17321	4.238482	50.732538	594
17321	4.238491	50.732547	595
17321	4.238598	50.73264	596
17321	4.238691	50.732714	597
17321	4.238734	50.732736	598
17321	4.23886	50.732823	599
17321	4.238963	50.732919	600
17321	4.239108	50.73296	601
17321	4.239277	50.732964	602
17321	4.239446	50.733019	603
17321	4.23956	50.733092	604
17321	4.23965	50.733174	605
17321	4.239837	50.733134	606
17321	4.239915	50.733235	607
17321	4.240047	50.733281	608
17321	4.240182	50.733333	609
17321	4.240202	50.733422	610
17321	4.24027	50.733417	611
17321	4.240145	50.733322	612
17321	4.239999	50.733231	613
17321	4.239867	50.733318	614
17321	4.239693	50.733389	615
17321	4.239586	50.733479	616
17321	4.239706	50.733566	617
17321	4.239832	50.733655	618
17321	4.239999	50.733718	619
17321	4.240166	50.733814	620
17321	4.24026	50.733914	621
17321	4.240369	50.734026	622
17321	4.240523	50.734135	623
17321	4.240577	50.73423	624
17321	4.240642	50.734331	625
17321	4.240689	50.734422	626
17321	4.240746	50.734517	627
17321	4.24082	50.734605	628
17321	4.240923	50.734697	629
17321	4.241082	50.734781	630
17321	4.241191	50.734881	631
17321	4.241273	50.734981	632
17321	4.241398	50.73506	633
17321	4.241473	50.735159	634
17321	4.241569	50.735264	635
17321	4.241683	50.735321	636
17321	4.241771	50.735406	637
17321	4.241907	50.735484	638
17321	4.242046	50.735599	639
17321	4.242129	50.735714	640
17321	4.242203	50.735834	641
17321	4.242252	50.735943	642
17321	4.242246	50.736076	643
17321	4.242204	50.73622	644
17321	4.242172	50.736344	645
17321	4.242128	50.736455	646
17321	4.242109	50.736558	647
17321	4.242059	50.736691	648
17321	4.242047	50.736791	649
17321	4.242052	50.736918	650
17321	4.242051	50.737077	651
17321	4.242061	50.737201	652
17321	4.242032	50.737337	653
17321	4.242003	50.737426	654
17321	4.241969	50.737531	655
17321	4.241957	50.737657	656
17321	4.241925	50.73778	657
17321	4.241903	50.737872	658
17321	4.241898	50.737973	659
17321	4.241904	50.738088	660
17321	4.241884	50.73822	661
17321	4.241868	50.738324	662
17321	4.241844	50.738423	663
17321	4.241832	50.738564	664
17321	4.241819	50.738675	665
17321	4.241705	50.738736	666
17321	4.241587	50.738801	667
17321	4.241584	50.738852	668
17321	4.241585	50.738848	669
17321	4.241585	50.738848	670
17321	4.241585	50.738848	671
17321	4.241639	50.73885	672
17321	4.241608	50.738854	673
17321	4.241817	50.73885	674
17321	4.241926	50.738944	675
17321	4.242068	50.739016	676
17321	4.242248	50.739001	677
17321	4.242412	50.738956	678
17321	4.242549	50.738893	679
17321	4.242687	50.738846	680
17321	4.242853	50.738818	681
17321	4.24303	50.738758	682
17321	4.243152	50.738689	683
17321	4.243307	50.738608	684
17321	4.243421	50.738521	685
17321	4.243555	50.738403	686
17321	4.243644	50.738314	687
17321	4.24369	50.738223	688
17321	4.243788	50.738138	689
17321	4.243895	50.738022	690
17321	4.243989	50.73793	691
17321	4.244143	50.737844	692
17321	4.244206	50.737737	693
17321	4.24427	50.737617	694
17321	4.244385	50.737533	695
17321	4.244458	50.737422	696
17321	4.244487	50.737399	697
17321	4.244603	50.737304	698
17321	4.244699	50.73721	699
17321	4.244796	50.73711	700
17321	4.244929	50.737075	701
17321	4.245084	50.737045	702
17321	4.245212	50.736958	703
17321	4.245213	50.736923	704
17321	4.245234	50.736829	705
17321	4.245311	50.736691	706
17321	4.245366	50.736587	707
17321	4.245509	50.736501	708
17321	4.245633	50.736431	709
17321	4.245765	50.736361	710
17321	4.245932	50.736249	711
17321	4.246011	50.736133	712
17321	4.246131	50.73602	713
17321	4.24625	50.735937	714
17321	4.246381	50.735844	715
17321	4.24653	50.735766	716
17321	4.246673	50.735692	717
17321	4.246783	50.735594	718
17321	4.246911	50.735489	719
17321	4.247069	50.735433	720
17321	4.247196	50.735356	721
17321	4.247332	50.735244	722
17327	4.247548	50.735023	1
17327	4.247646	50.73505	2
17327	4.247703	50.735087	3
17327	4.247705	50.735103	4
17327	4.247723	50.735121	5
17327	4.247759	50.735027	6
17327	4.247881	50.734967	7
17327	4.247835	50.734881	8
17327	4.247796	50.734753	9
17327	4.247788	50.734783	10
17327	4.247675	50.734671	11
17327	4.247581	50.734591	12
17327	4.247475	50.734508	13
17327	4.247375	50.734421	14
17327	4.247256	50.734345	15
17327	4.247136	50.734237	16
17327	4.247026	50.734157	17
17327	4.246908	50.73407	18
17327	4.246818	50.73399	19
17327	4.246717	50.733912	20
17327	4.246622	50.733828	21
17327	4.246521	50.733735	22
17327	4.246409	50.733654	23
17327	4.24635	50.733629	24
17327	4.246277	50.733578	25
17327	4.246155	50.733486	26
17327	4.246051	50.733375	27
17327	4.245988	50.733303	28
17327	4.245873	50.733221	29
17327	4.245759	50.733103	30
17327	4.245714	50.733012	31
17327	4.245559	50.732916	32
17327	4.245473	50.732836	33
17327	4.24537	50.732754	34
17327	4.24533	50.732744	35
17327	4.24521	50.732645	36
17327	4.245104	50.732573	37
17327	4.245055	50.732462	38
17327	4.244974	50.732367	39
17327	4.244868	50.732288	40
17327	4.24464	50.732261	41
17327	4.244455	50.732207	42
17327	4.244411	50.732085	43
17327	4.244574	50.731969	44
17327	4.244735	50.731896	45
17327	4.244882	50.731829	46
17327	4.245042	50.731743	47
17327	4.245178	50.731669	48
17327	4.245359	50.731552	49
17327	4.245483	50.731476	50
17327	4.24568	50.731431	51
17327	4.24587	50.731555	52
17327	4.246004	50.731638	53
17327	4.246162	50.731716	54
17327	4.246288	50.731796	55
17327	4.246344	50.731792	56
17327	4.246344	50.731792	57
17327	4.246444	50.731801	58
17327	4.246648	50.731791	59
17327	4.246823	50.731856	60
17327	4.246966	50.731897	61
17327	4.247	50.731905	62
17327	4.24717	50.731947	63
17327	4.247357	50.731954	64
17327	4.247543	50.731968	65
17327	4.247745	50.731977	66
17327	4.247896	50.731991	67
17327	4.247929	50.731882	68
17327	4.247996	50.731778	69
17327	4.248134	50.731641	70
17327	4.248269	50.731539	71
17327	4.248402	50.731465	72
17327	4.248573	50.731424	73
17327	4.248513	50.731289	74
17327	4.248365	50.731198	75
17327	4.248294	50.731107	76
17327	4.248261	50.730991	77
17327	4.248201	50.730883	78
17327	4.248082	50.730786	79
17327	4.247974	50.730693	80
17327	4.247865	50.730574	81
17327	4.247948	50.730498	82
17327	4.248083	50.730427	83
17327	4.248224	50.730342	84
17327	4.248387	50.730261	85
17327	4.248538	50.730192	86
17327	4.248694	50.730137	87
17327	4.248886	50.730053	88
17327	4.249072	50.729991	89
17327	4.249224	50.729911	90
17327	4.249224	50.729911	91
17327	4.24936	50.72983	92
17327	4.249341	50.729728	93
17327	4.249236	50.729662	94
17327	4.249202	50.729631	95
17327	4.249116	50.729531	96
17327	4.249082	50.729495	97
17327	4.249023	50.729421	98
17327	4.248932	50.729301	99
17327	4.248841	50.729206	100
17327	4.248788	50.729144	101
17327	4.248758	50.729104	102
17327	4.248654	50.729012	103
17327	4.248566	50.728916	104
17327	4.248392	50.728915	105
17327	4.248246	50.728995	106
17327	4.248078	50.729094	107
17327	4.247921	50.729159	108
17327	4.247741	50.729228	109
17327	4.247591	50.729298	110
17327	4.247435	50.729359	111
17327	4.247306	50.729426	112
17327	4.247158	50.72948	113
17327	4.247033	50.729559	114
17327	4.246862	50.72961	115
17327	4.246694	50.729681	116
17327	4.246655	50.729703	117
17327	4.246573	50.729719	118
17327	4.246515	50.729734	119
17327	4.246383	50.729804	120
17327	4.246286	50.729847	121
17327	4.24622	50.729869	122
17327	4.246138	50.729907	123
17327	4.246074	50.72993	124
17327	4.245933	50.730002	125
17327	4.245771	50.730068	126
17327	4.245605	50.730134	127
17327	4.24547	50.730205	128
17327	4.245336	50.730257	129
17327	4.245207	50.730325	130
17327	4.245121	50.730357	131
17327	4.244991	50.730453	132
17327	4.244828	50.730516	133
17327	4.244677	50.730574	134
17327	4.244521	50.730618	135
17327	4.24438	50.730688	136
17327	4.244297	50.730775	137
17327	4.244178	50.730839	138
17327	4.244145	50.730824	139
17327	4.244079	50.730766	140
17327	4.243985	50.730679	141
17327	4.243948	50.730556	142
17327	4.244005	50.730438	143
17327	4.243946	50.73041	144
17327	4.243834	50.730369	145
17327	4.243736	50.730288	146
17327	4.243642	50.730217	147
17327	4.243586	50.730098	148
17327	4.24347	50.729996	149
17327	4.243379	50.729899	150
17327	4.243356	50.729795	151
17327	4.243432	50.729707	152
17327	4.243539	50.729635	153
17327	4.243656	50.729557	154
17327	4.243707	50.729507	155
17327	4.243865	50.729439	156
17327	4.24402	50.729373	157
17327	4.244166	50.729303	158
17327	4.244329	50.729238	159
17327	4.244472	50.72919	160
17327	4.244647	50.729128	161
17327	4.244811	50.72907	162
17327	4.244944	50.729028	163
17327	4.245115	50.728928	164
17327	4.245127	50.728808	165
17327	4.245263	50.728764	166
17327	4.245437	50.7287	167
17327	4.248286	50.72746	168
17327	4.247853	50.727691	169
17327	4.246591	50.726946	170
17327	4.243521	50.726543	171
17327	4.243552	50.726547	172
17327	4.243346	50.726513	173
17327	4.243151	50.72654	174
17327	4.242965	50.726613	175
17327	4.242982	50.726606	176
17327	4.242831	50.726682	177
17327	4.242777	50.726785	178
17327	4.242745	50.726887	179
17327	4.242811	50.726993	180
17327	4.242927	50.727078	181
17327	4.243095	50.727163	182
17327	4.243243	50.727237	183
17327	4.24337	50.727308	184
17327	4.243542	50.727344	185
17327	4.243657	50.727431	186
17327	4.243672	50.727444	187
17327	4.243721	50.727468	188
17327	4.243894	50.727546	189
17327	4.243942	50.727636	190
17327	4.24381	50.727745	191
17327	4.243691	50.727861	192
17327	4.243585	50.727976	193
17327	4.243487	50.728089	194
17327	4.243349	50.728201	195
17327	4.243201	50.728299	196
17327	4.243059	50.728409	197
17327	4.242932	50.728522	198
17327	4.242829	50.728608	199
17327	4.242714	50.728727	200
17327	4.242548	50.728825	201
17327	4.242471	50.728871	202
17327	4.242487	50.728855	203
17327	4.242406	50.728975	204
17327	4.242292	50.729054	205
17327	4.242135	50.729116	206
17327	4.241994	50.729213	207
17327	4.241919	50.729326	208
17327	4.241814	50.729414	209
17327	4.241753	50.729461	210
17327	4.241769	50.729451	211
17327	4.241628	50.72953	212
17327	4.241497	50.729622	213
17327	4.241344	50.729685	214
17327	4.241213	50.729794	215
17327	4.241101	50.729883	216
17327	4.241	50.729994	217
17327	4.240953	50.730119	218
17327	4.240812	50.730241	219
17327	4.240718	50.730334	220
17327	4.24063	50.730407	221
17327	4.240547	50.730499	222
17327	4.240456	50.7306	223
17327	4.240363	50.730698	224
17327	4.240168	50.730784	225
17327	4.240019	50.730717	226
17327	4.239884	50.730608	227
17327	4.239745	50.730536	228
17327	4.239589	50.730463	229
17327	4.239446	50.730403	230
17327	4.239264	50.730347	231
17327	4.2392	50.730309	232
17327	4.239075	50.73025	233
17327	4.238938	50.730187	234
17327	4.238815	50.730124	235
17327	4.238663	50.730047	236
17327	4.238502	50.729997	237
17327	4.238349	50.730029	238
17327	4.238185	50.730047	239
17327	4.238028	50.730051	240
17327	4.237872	50.730101	241
17327	4.237759	50.730195	242
17327	4.237727	50.730245	243
17327	4.237695	50.730275	244
17327	4.237555	50.730373	245
17327	4.23742	50.730437	246
17327	4.237287	50.730533	247
17327	4.237184	50.73062	248
17327	4.237068	50.730673	249
17327	4.236925	50.730638	250
17327	4.237131	50.730663	251
17327	4.237298	50.730724	252
17327	4.237425	50.73082	253
17327	4.237537	50.730877	254
17327	4.237627	50.730989	255
17327	4.237754	50.731069	256
17327	4.237851	50.731173	257
17327	4.237971	50.7321	258
17327	4.238034	50.732073	259
17327	4.237824	50.732179	260
17327	4.237638	50.732177	261
17327	4.23762	50.732303	262
17327	4.237817	50.732328	263
17327	4.238011	50.73234	264
17327	4.238082	50.73233	265
17327	4.238088	50.732327	266
17327	4.237922	50.732366	267
17327	4.237696	50.732407	268
17327	4.237543	50.732476	269
17327	4.237382	50.732544	270
17327	4.23737	50.732645	271
17327	4.237258	50.732699	272
17327	4.237247	50.732702	273
17327	4.23713	50.732815	274
17327	4.237176	50.732944	275
17327	4.237261	50.732997	276
17327	4.237308	50.733008	277
17327	4.237317	50.733003	278
17327	4.237491	50.733061	279
17327	4.237568	50.733078	280
17327	4.237657	50.733096	281
17327	4.237777	50.733155	282
17327	4.237839	50.733178	283
17327	4.237974	50.733259	284
17327	4.238056	50.73336	285
17327	4.238168	50.733466	286
17327	4.238306	50.733498	287
17327	4.238397	50.733609	288
17327	4.238539	50.733742	289
17327	4.2386	50.733773	290
17327	4.238632	50.733818	291
17327	4.238722	50.733913	292
17327	4.23881	50.734035	293
17327	4.238906	50.734147	294
17327	4.238985	50.734256	295
17327	4.239078	50.734343	296
17327	4.239118	50.734449	297
17327	4.239218	50.73455	298
17327	4.239377	50.73462	299
17327	4.239521	50.734664	300
17327	4.239567	50.73472	301
17327	4.239612	50.734715	302
17327	4.239622	50.734725	303
17327	4.239622	50.734725	304
17327	4.239712	50.734727	305
17327	4.239772	50.734747	306
17327	4.239771	50.734752	307
17327	4.239773	50.734753	308
17327	4.239774	50.734753	309
17327	4.239759	50.734776	310
17327	4.239557	50.734715	311
17327	4.239626	50.734822	312
17327	4.239623	50.73482	313
17327	4.239678	50.734923	314
17327	4.239738	50.73504	315
17327	4.239766	50.735081	316
17327	4.239801	50.735127	317
17327	4.239839	50.735172	318
17327	4.2399	50.735207	319
17327	4.239935	50.735241	320
17327	4.240006	50.735315	321
17327	4.240116	50.735446	322
17327	4.240158	50.735537	323
17327	4.240282	50.73567	324
17327	4.240387	50.735804	325
17327	4.240436	50.735923	326
17327	4.24055	50.73598	327
17327	4.240718	50.736034	328
17327	4.240783	50.73615	329
17327	4.240835	50.736263	330
17327	4.240867	50.736383	331
17327	4.24083	50.736486	332
17327	4.240904	50.736573	333
17327	4.240815	50.736671	334
17327	4.240776	50.73673	335
17327	4.240773	50.736761	336
17327	4.240755	50.736752	337
17327	4.240766	50.736789	338
17327	4.240773	50.736878	339
17327	4.24076	50.736891	340
17327	4.240755	50.736752	341
17327	4.240745	50.736911	342
17327	4.240771	50.736773	343
17327	4.240773	50.736878	344
17327	4.240766	50.736789	345
17327	4.240549	50.736916	346
17327	4.240409	50.73695	347
17327	4.240231	50.736973	348
17327	4.240088	50.737045	349
17327	4.239956	50.73713	350
17327	4.239822	50.737211	351
17327	4.239703	50.737286	352
17327	4.239598	50.73737	353
17327	4.239485	50.737445	354
17327	4.239352	50.737496	355
17327	4.239214	50.737542	356
17327	4.239059	50.737589	357
17327	4.238902	50.737613	358
17327	4.238703	50.737577	359
17327	4.238553	50.737561	360
17327	4.238392	50.737583	361
17327	4.238321	50.737605	362
17327	4.238318	50.737609	363
17327	4.238257	50.737643	364
17327	4.238106	50.737642	365
17327	4.238056	50.737683	366
17327	4.237994	50.737703	367
17327	4.237838	50.737641	368
17327	4.237722	50.737579	369
17327	4.237642	50.737496	370
17327	4.237532	50.737424	371
17327	4.23743	50.737354	372
17327	4.237293	50.737328	373
17327	4.237131	50.7373	374
17327	4.237003	50.737254	375
17327	4.236853	50.737224	376
17327	4.236711	50.737205	377
17327	4.23663	50.73713	378
17327	4.236543	50.737204	379
17327	4.236416	50.737159	380
17327	4.23627	50.7371	381
17327	4.23614	50.737049	382
17327	4.236031	50.736987	383
17327	4.235898	50.736935	384
17327	4.235789	50.736875	385
17327	4.235655	50.736821	386
17327	4.235526	50.736879	387
17327	4.235454	50.736963	388
17327	4.235306	50.737005	389
17327	4.235215	50.737087	390
17327	4.235225	50.737186	391
17327	4.235337	50.737246	392
17327	4.235447	50.737318	393
17327	4.23552	50.737342	394
17327	4.2356	50.73733	395
17327	4.235723	50.737386	396
17327	4.235835	50.737448	397
17327	4.235939	50.737529	398
17327	4.236085	50.737564	399
17327	4.236202	50.737617	400
17327	4.236305	50.737679	401
17327	4.236429	50.737724	402
17327	4.236556	50.737771	403
17327	4.236701	50.737752	404
17327	4.236838	50.737703	405
17327	4.236988	50.737722	406
17327	4.237139	50.737732	407
17327	4.238272	50.737634	408
17327	4.237279	50.737691	409
17327	4.23743	50.7377	410
17327	4.237557	50.737618	411
17327	4.237703	50.737642	412
17327	4.237769	50.737786	413
17327	4.237769	50.737904	414
17327	4.237658	50.737962	415
17327	4.237526	50.73796	416
17327	4.237435	50.737951	417
17327	4.237258	50.737987	418
17327	4.237177	50.738082	419
17327	4.23734	50.738638	420
17327	4.237392	50.738611	421
17327	4.237184	50.738681	422
17327	4.237036	50.738735	423
17327	4.236906	50.738811	424
17327	4.236762	50.738881	425
17327	4.236663	50.738967	426
17327	4.236512	50.739057	427
17327	4.23634	50.739145	428
17327	4.23632	50.739237	429
17327	4.236426	50.739294	430
17327	4.236415	50.739322	431
17327	4.236324	50.739465	432
17327	4.236438	50.739545	433
17327	4.236584	50.739603	434
17327	4.236737	50.73966	435
17327	4.236846	50.739718	436
17327	4.236979	50.739782	437
17327	4.237123	50.739844	438
17327	4.237117	50.739851	439
17327	4.237235	50.73991	440
17327	4.237404	50.739971	441
17327	4.237555	50.740038	442
17327	4.237679	50.740108	443
17327	4.237832	50.740171	444
17327	4.23803	50.740231	445
17327	4.238165	50.740313	446
17327	4.238219	50.740423	447
17327	4.238329	50.740512	448
17327	4.238459	50.740586	449
17327	4.238575	50.740678	450
17327	4.238687	50.740759	451
17327	4.238828	50.740831	452
17327	4.238954	50.740921	453
17327	4.239027	50.741015	454
17327	4.239123	50.741125	455
17327	4.239199	50.741218	456
17327	4.239288	50.741326	457
17327	4.23941	50.74143	458
17327	4.239554	50.741521	459
17327	4.23966	50.741613	460
17327	4.239751	50.741704	461
17327	4.239837	50.741797	462
17327	4.239882	50.741843	463
17327	4.239905	50.741886	464
17327	4.239997	50.742001	465
17327	4.240121	50.742092	466
17327	4.240223	50.742171	467
17327	4.24031	50.742266	468
17327	4.240377	50.742361	469
17327	4.240452	50.74247	470
17327	4.240522	50.742577	471
17327	4.240694	50.742619	472
17327	4.240741	50.742512	473
17327	4.240699	50.742404	474
17327	4.240812	50.742344	475
17327	4.2409	50.742298	476
17327	4.240985	50.742216	477
17327	4.241088	50.742145	478
17327	4.241178	50.742067	479
17327	4.241293	50.742009	480
17327	4.241398	50.741946	481
17327	4.241504	50.741872	482
17327	4.241601	50.741802	483
17327	4.240859	50.742322	484
17327	4.24165	50.741753	485
17327	4.241572	50.74164	486
17327	4.241448	50.741572	487
17327	4.241312	50.741483	488
17327	4.241228	50.741407	489
17327	4.241075	50.741322	490
17327	4.240937	50.741232	491
17327	4.240818	50.741137	492
17327	4.240721	50.741015	493
17327	4.240618	50.74092	494
17327	4.240528	50.740828	495
17327	4.24053	50.740829	496
17327	4.24053	50.740828	497
17327	4.240464	50.740731	498
17327	4.240459	50.740626	499
17327	4.240418	50.740512	500
17327	4.240491	50.740457	501
17327	4.240545	50.74037	502
17327	4.240558	50.740287	503
17327	4.240584	50.740165	504
17327	4.240596	50.740055	505
17327	4.240585	50.739932	506
17327	4.240628	50.739832	507
17327	4.240661	50.739774	508
17327	4.240711	50.739676	509
17327	4.240731	50.739585	510
17327	4.240738	50.73947	511
17327	4.240739	50.739357	512
17327	4.240812	50.739209	513
17327	4.240829	50.739107	514
17327	4.240859	50.738993	515
17327	4.240886	50.738933	516
17327	4.240913	50.73884	517
17327	4.241078	50.738791	518
17327	4.241272	50.738813	519
17327	4.241438	50.738834	520
17327	4.241588	50.738851	521
17327	4.241746	50.738851	522
17327	4.241895	50.738733	523
17327	4.242074	50.738649	524
17327	4.242275	50.738595	525
17327	4.242428	50.738598	526
17327	4.242504	50.738597	527
17327	4.24268	50.738581	528
17327	4.242804	50.738502	529
17327	4.242956	50.738433	530
17327	4.24297	50.738415	531
17327	4.24294	50.738409	532
17327	4.243018	50.738286	533
17327	4.243166	50.738202	534
17327	4.243247	50.738116	535
17327	4.243238	50.738124	536
17327	4.243387	50.738048	537
17327	4.243461	50.737972	538
17327	4.243579	50.737877	539
17327	4.243609	50.737856	540
17327	4.243625	50.737838	541
17327	4.24371	50.737746	542
17327	4.243873	50.737782	543
17327	4.244042	50.737694	544
17327	4.244086	50.737653	545
17327	4.244191	50.737549	546
17327	4.2443	50.737452	547
17327	4.244372	50.737373	548
17327	4.244455	50.737282	549
17327	4.24455	50.737193	550
17327	4.244648	50.737103	551
17327	4.244731	50.737012	552
17327	4.244874	50.737034	553
17327	4.245038	50.737036	554
17327	4.245171	50.736994	555
17327	4.245248	50.736906	556
17327	4.245223	50.736812	557
17327	4.245321	50.736696	558
17327	4.245375	50.73656	559
17327	4.245513	50.736475	560
17327	4.245562	50.736465	561
17327	4.245638	50.736388	562
17327	4.24569	50.736375	563
17327	4.245712	50.73636	564
17327	4.245894	50.736285	565
17327	4.245855	50.736298	566
17327	4.246006	50.736185	567
17327	4.246115	50.736112	568
17327	4.246181	50.736048	569
17327	4.246271	50.735945	570
17327	4.246369	50.735843	571
17327	4.246489	50.735756	572
17327	4.246644	50.73569	573
17327	4.246777	50.735623	574
17327	4.246916	50.73555	575
17327	4.247088	50.735465	576
17327	4.247096	50.735374	577
17336	4.247829	50.735115	1
17336	4.247638	50.735	2
17336	4.247782	50.734912	3
17336	4.247764	50.734932	4
17336	4.247953	50.73488	5
17336	4.248102	50.734855	6
17336	4.248131	50.734847	7
17336	4.248145	50.734775	8
17336	4.248872	50.734257	9
17336	4.248852	50.734277	10
17336	4.248978	50.734175	11
17336	4.249089	50.73409	12
17336	4.249123	50.734059	13
17336	4.249181	50.734027	14
17336	4.249289	50.733943	15
17336	4.249433	50.733851	16
17336	4.252916	50.733055	17
17336	4.252901	50.733055	18
17336	4.249536	50.733777	19
17336	4.252981	50.733042	20
17336	4.253143	50.733036	21
17336	4.25339	50.733013	22
17336	4.253423	50.733006	23
17336	4.2533	50.73303	24
17336	4.254281	50.733229	25
17336	4.254267	50.733213	26
17336	4.254341	50.733348	27
17336	4.254365	50.733398	28
17336	4.254397	50.733441	29
17336	4.254465	50.733545	30
17336	4.254519	50.733663	31
17336	4.254575	50.733787	32
17336	4.254633	50.733912	33
17336	4.254679	50.734016	34
17336	4.254741	50.734132	35
17336	4.254783	50.734238	36
17336	4.254822	50.734331	37
17336	4.254881	50.73444	38
17336	4.254929	50.734551	39
17336	4.254965	50.734656	40
17336	4.254996	50.734751	41
17336	4.25501	50.73486	42
17336	4.254848	50.734921	43
17336	4.254702	50.734955	44
17336	4.254538	50.735002	45
17336	4.254361	50.735003	46
17336	4.25429	50.734882	47
17336	4.254224	50.734744	48
17336	4.254145	50.734641	49
17336	4.254081	50.73455	50
17336	4.254045	50.734433	51
17336	4.253983	50.734326	52
17336	4.253911	50.734216	53
17336	4.253776	50.734133	54
17336	4.253104	50.734649	55
17336	4.253586	50.734159	56
17336	4.25307	50.734616	57
17336	4.253586	50.734159	58
17336	4.253201	50.734719	59
17336	4.253341	50.734867	60
17336	4.253367	50.734922	61
17336	4.253374	50.734931	62
17336	4.253502	50.735053	63
17336	4.253655	50.735211	64
17336	4.253749	50.735304	65
17336	4.253738	50.73542	66
17336	4.253635	50.735484	67
17336	4.253506	50.735579	68
17336	4.253409	50.735658	69
17336	4.253321	50.735743	70
17336	4.253379	50.735832	71
17336	4.253507	50.735898	72
17336	4.253454	50.73606	73
17336	4.253383	50.736158	74
17336	4.253309	50.736236	75
17336	4.25328	50.73634	76
17336	4.253243	50.736461	77
17336	4.253138	50.736545	78
17336	4.253092	50.736637	79
17336	4.253017	50.736742	80
17336	4.252948	50.73689	81
17336	4.252882	50.736999	82
17336	4.252839	50.737101	83
17336	4.252766	50.737185	84
17336	4.25281	50.737297	85
17336	4.253002	50.737346	86
17336	4.253162	50.737385	87
17336	4.253323	50.737425	88
17336	4.253458	50.737462	89
17336	4.253637	50.737517	90
17336	4.253546	50.737723	91
17336	4.253543	50.737709	92
17336	4.253595	50.73764	93
17336	4.253498	50.737815	94
17336	4.253633	50.737848	95
17336	4.253774	50.737885	96
17336	4.253922	50.737915	97
17336	4.25407	50.737961	98
17336	4.25425	50.738008	99
17336	4.25445	50.73803	100
17336	4.254549	50.738112	101
17336	4.254562	50.73824	102
17336	4.254535	50.738373	103
17336	4.254532	50.738386	104
17336	4.25453	50.738382	105
17336	4.254481	50.738508	106
17336	4.254319	50.738598	107
17336	4.254297	50.738631	108
17336	4.254243	50.738683	109
17336	4.254151	50.738786	110
17336	4.254095	50.738826	111
17336	4.254032	50.738877	112
17336	4.254	50.738913	113
17336	4.253907	50.738989	114
17336	4.253783	50.739089	115
17336	4.253718	50.739206	116
17336	4.253856	50.739299	117
17336	4.253997	50.739373	118
17336	4.254129	50.739445	119
17336	4.253978	50.739471	120
17336	4.253848	50.739412	121
17336	4.25376	50.739394	122
17336	4.253785	50.739374	123
17336	4.25314	50.739039	124
17336	4.253072	50.738999	125
17336	4.252957	50.738958	126
17336	4.2529	50.738924	127
17336	4.252739	50.738935	128
17336	4.252671	50.738977	129
17336	4.252529	50.738915	130
17336	4.252452	50.73886	131
17336	4.252317	50.738771	132
17336	4.252172	50.73872	133
17336	4.252044	50.738657	134
17336	4.251913	50.738602	135
17336	4.251963	50.738615	136
17336	4.251761	50.738531	137
17336	4.251622	50.738479	138
17336	4.251473	50.738425	139
17336	4.251499	50.738434	140
17336	4.251485	50.738417	141
17336	4.25135	50.738351	142
17336	4.251207	50.738287	143
17336	4.251041	50.738289	144
17336	4.250946	50.738366	145
17336	4.250905	50.738454	146
17336	4.250837	50.738563	147
17336	4.250778	50.738678	148
17336	4.25071	50.738779	149
17336	4.250633	50.738901	150
17336	4.250576	50.738992	151
17336	4.250517	50.739096	152
17336	4.250447	50.739187	153
17336	4.250363	50.739314	154
17336	4.250315	50.739427	155
17336	4.250193	50.7396	156
17336	4.250185	50.739616	157
17336	4.25009	50.739643	158
17336	4.25009	50.739659	159
17336	4.25005	50.739692	160
17336	4.249999	50.739802	161
17336	4.250014	50.739836	162
17336	4.250009	50.739857	163
17336	4.249969	50.739941	164
17336	4.249898	50.740041	165
17336	4.249912	50.74005	166
17336	4.249415	50.740289	167
17336	4.248244	50.739406	168
17336	4.249441	50.73781	169
17336	4.249002	50.73801	170
17336	4.248201	50.737664	171
17336	4.249829	50.740136	172
17336	4.248231	50.737669	173
17336	4.248105	50.737592	174
17336	4.247964	50.737569	175
17336	4.24797	50.737626	176
17336	4.24804	50.737703	177
17336	4.247955	50.737582	178
17336	4.247955	50.737582	179
17336	4.24823	50.737762	180
17336	4.248389	50.737821	181
17336	4.248512	50.737889	182
17336	4.248648	50.737977	183
17336	4.248768	50.738056	184
17336	4.248799	50.738156	185
17336	4.248662	50.738205	186
17336	4.248589	50.738249	187
17336	4.248423	50.738341	188
17336	4.248388	50.738356	189
17336	4.248374	50.73838	190
17336	4.248202	50.738439	191
17336	4.248046	50.738516	192
17336	4.247926	50.738569	193
17336	4.247796	50.738634	194
17336	4.24769	50.738676	195
17336	4.247649	50.738701	196
17336	4.247605	50.738725	197
17336	4.247446	50.738793	198
17336	4.247257	50.738806	199
17336	4.247114	50.738794	200
17336	4.246973	50.738774	201
17336	4.246794	50.738742	202
17336	4.246616	50.738703	203
17336	4.246543	50.73869	204
17336	4.246482	50.738691	205
17336	4.246283	50.73865	206
17336	4.246159	50.738714	207
17336	4.246159	50.738818	208
17336	4.246251	50.738899	209
17336	4.246332	50.738978	210
17336	4.246413	50.739078	211
17336	4.246504	50.73916	212
17336	4.246588	50.739243	213
17336	4.246682	50.739334	214
17336	4.246731	50.739432	215
17336	4.246779	50.739518	216
17336	4.246773	50.73952	217
17336	4.247092	50.739619	218
17336	4.24703	50.739554	219
17336	4.24718	50.73973	220
17336	4.247243	50.739891	221
17336	4.247288	50.739979	222
17336	4.247379	50.740069	223
17336	4.2475	50.740167	224
17336	4.247629	50.740268	225
17336	4.2477	50.740376	226
17336	4.247834	50.740488	227
17336	4.247926	50.740594	228
17336	4.248059	50.740704	229
17336	4.24813	50.740786	230
17336	4.248221	50.740897	231
17336	4.248346	50.741008	232
17336	4.248447	50.741107	233
17336	4.248568	50.74117	234
17336	4.248676	50.741274	235
17336	4.248749	50.741382	236
17336	4.248926	50.741322	237
17336	4.249051	50.741269	238
17336	4.249172	50.74121	239
17336	4.249254	50.741126	240
17336	4.249299	50.741021	241
17336	4.249381	50.740934	242
17336	4.249486	50.740842	243
17336	4.249633	50.740809	244
17336	4.24977	50.740771	245
17336	4.249898	50.740683	246
17336	4.249964	50.740562	247
17336	4.250152	50.740514	248
17336	4.251254	50.740083	249
17336	4.250188	50.740496	250
17336	4.251224	50.740088	251
17336	4.251257	50.740084	252
17336	4.251302	50.740064	253
17336	4.251429	50.739992	254
17336	4.25159	50.739902	255
17336	4.25171	50.739811	256
17336	4.251835	50.739723	257
17336	4.251901	50.739643	258
17336	4.252011	50.739556	259
17336	4.252098	50.739472	260
17336	4.252229	50.739358	261
17336	4.252339	50.73926	262
17336	4.252413	50.739167	263
17336	4.25253	50.739058	264
17336	4.252589	50.739026	265
17336	4.252587	50.739027	266
17336	4.252609	50.739016	267
17336	4.252626	50.738994	268
17336	4.252509	50.73892	269
17336	4.252498	50.738908	270
17336	4.252474	50.738896	271
17336	4.252392	50.738836	272
17336	4.25226	50.738762	273
17336	4.252062	50.738663	274
17336	4.25192	50.738591	275
17336	4.251763	50.738514	276
17336	4.251654	50.738435	277
17336	4.251418	50.738333	278
17336	4.251264	50.738267	279
17336	4.251079	50.738138	280
17336	4.25099	50.738041	281
17336	4.251038	50.73793	282
17336	4.251118	50.737816	283
17336	4.251182	50.737703	284
17336	4.251273	50.737593	285
17336	4.251303	50.737483	286
17336	4.251347	50.737383	287
17336	4.251387	50.737279	288
17336	4.251315	50.737172	289
17336	4.251178	50.737125	290
17336	4.251017	50.737075	291
17336	4.250884	50.737032	292
17336	4.250715	50.736997	293
17336	4.25056	50.736954	294
17336	4.25039	50.736908	295
17336	4.250208	50.736847	296
17336	4.250054	50.73679	297
17336	4.249878	50.736736	298
17336	4.249719	50.736714	299
17336	4.249515	50.736719	300
17336	4.249391	50.736801	301
17336	4.249239	50.736875	302
17336	4.249105	50.736957	303
17336	4.248977	50.737028	304
17336	4.24879	50.737065	305
17336	4.248938	50.73695	306
17336	4.249093	50.736874	307
17336	4.249054	50.736769	308
17336	4.247627	50.735047	309
17336	4.248984	50.736709	310
17336	4.247576	50.735063	311
17346	4.247753	50.735097	1
17346	4.247616	50.734982	2
17346	4.247689	50.735025	3
17346	4.247831	50.734933	4
17346	4.247783	50.73495	5
17346	4.247868	50.734904	6
17346	4.247873	50.734895	7
17346	4.247828	50.734877	8
17346	4.247755	50.734745	9
17346	4.247605	50.734604	10
17346	4.247494	50.734519	11
17346	4.247366	50.734415	12
17346	4.247338	50.734397	13
17346	4.247235	50.734332	14
17346	4.247142	50.734242	15
17346	4.247025	50.734155	16
17346	4.246894	50.734057	17
17346	4.246772	50.733966	18
17346	4.246661	50.733875	19
17346	4.246526	50.733762	20
17346	4.246421	50.733684	21
17346	4.246317	50.733608	22
17346	4.246253	50.73358	23
17346	4.24607	50.733612	24
17346	4.245914	50.733703	25
17346	4.24575	50.733772	26
17346	4.245599	50.73389	27
17346	4.245411	50.73393	28
17346	4.245275	50.734026	29
17346	4.24514	50.734119	30
17346	4.245013	50.734171	31
17346	4.244811	50.73423	32
17346	4.244666	50.734109	33
17346	4.244554	50.734007	34
17346	4.244439	50.733892	35
17346	4.244356	50.733819	36
17346	4.244307	50.733719	37
17346	4.244203	50.733631	38
17346	4.2441	50.733565	39
17346	4.244356	50.733819	40
17346	4.24404	50.733493	41
17346	4.244016	50.733476	42
17346	4.243903	50.733416	43
17346	4.243853	50.733312	44
17346	4.243817	50.733215	45
17346	4.243786	50.733171	46
17346	4.243719	50.733091	47
17346	4.243642	50.732967	48
17346	4.243611	50.732893	49
17346	4.243587	50.732858	50
17346	4.243522	50.73276	51
17346	4.243538	50.732646	52
17346	4.243678	50.732559	53
17346	4.243817	50.732471	54
17346	4.243966	50.732381	55
17346	4.244086	50.732284	56
17346	4.244219	50.732202	57
17346	4.244242	50.732096	58
17346	4.244168	50.731998	59
17346	4.244083	50.73189	60
17346	4.243964	50.731785	61
17346	4.243859	50.731663	62
17346	4.243725	50.731587	63
17346	4.243616	50.731501	64
17346	4.243489	50.731413	65
17346	4.243362	50.731325	66
17346	4.24331	50.731217	67
17346	4.243846	50.730934	68
17346	4.243371	50.731809	69
17346	4.243425	50.731759	70
17346	4.243408	50.731777	71
17346	4.243399	50.731163	72
17346	4.243197	50.731899	73
17346	4.243128	50.731939	74
17346	4.243064	50.731944	75
17346	4.242872	50.732061	76
17346	4.242831	50.732072	77
17346	4.242729	50.732102	78
17346	4.242513	50.732182	79
17346	4.24242	50.732312	80
17346	4.242219	50.732332	81
17346	4.242054	50.732364	82
17346	4.241853	50.732394	83
17346	4.24166	50.732396	84
17346	4.241451	50.732399	85
17346	4.241262	50.732381	86
17346	4.241115	50.732263	87
17346	4.241125	50.732143	88
17346	4.241234	50.732029	89
17346	4.24132	50.732006	90
17346	4.241541	50.731856	91
17346	4.241497	50.731917	92
17346	4.241648	50.731776	93
17346	4.241853	50.731751	94
17346	4.24208	50.731709	95
17346	4.242264	50.731651	96
17346	4.242449	50.731586	97
17346	4.242603	50.731479	98
17346	4.242682	50.731384	99
17346	4.242709	50.731293	100
17346	4.242882	50.731212	101
17346	4.24298	50.731145	102
17346	4.243091	50.731087	103
17346	4.243021	50.730968	104
17346	4.242934	50.730869	105
17346	4.242928	50.73077	106
17346	4.242779	50.730698	107
17346	4.242635	50.730601	108
17346	4.242499	50.730514	109
17346	4.242319	50.730368	110
17346	4.242153	50.7303	111
17346	4.242023	50.730218	112
17346	4.241772	50.730123	113
17346	4.241554	50.729999	114
17346	4.241423	50.729921	115
17346	4.241237	50.729905	116
17346	4.240951	50.729964	117
17346	4.240876	50.730073	118
17346	4.240774	50.73015	119
17346	4.240689	50.730233	120
17346	4.240626	50.730315	121
17346	4.24063	50.73038	122
17346	4.240552	50.730468	123
17346	4.240548	50.730471	124
17346	4.240445	50.73057	125
17346	4.24039	50.730653	126
17346	4.240388	50.730659	127
17346	4.240318	50.73076	128
17346	4.240135	50.730798	129
17346	4.23997	50.730678	130
17346	4.239765	50.730655	131
17346	4.239618	50.730558	132
17346	4.23945	50.730509	133
17346	4.23928	50.730438	134
17346	4.239117	50.730367	135
17346	4.238959	50.730291	136
17346	4.238814	50.730224	137
17346	4.238654	50.730152	138
17346	4.238478	50.730119	139
17346	4.238307	50.730129	140
17346	4.238151	50.730155	141
17346	4.23796	50.730182	142
17346	4.237854	50.730264	143
17346	4.237718	50.730351	144
17346	4.237589	50.730445	145
17346	4.237453	50.730534	146
17346	4.237348	50.730627	147
17346	4.237332	50.730656	148
17346	4.237371	50.730717	149
17346	4.237425	50.730822	150
17346	4.237572	50.730895	151
17346	4.237752	50.731001	152
17346	4.237869	50.731105	153
17346	4.237997	50.731209	154
17346	4.238099	50.731331	155
17346	4.238218	50.731441	156
17346	4.238389	50.731436	157
17346	4.238547	50.73136	158
17346	4.238694	50.731297	159
17346	4.238847	50.731233	160
17346	4.238884	50.7311	161
17346	4.238934	50.73121	162
17346	4.238836	50.731308	163
17346	4.238687	50.73137	164
17346	4.238512	50.731445	165
17346	4.238374	50.731524	166
17346	4.238395	50.731622	167
17346	4.238496	50.731701	168
17346	4.238613	50.731767	169
17346	4.238762	50.731878	170
17346	4.238865	50.731962	171
17346	4.238952	50.73202	172
17346	4.239025	50.732062	173
17346	4.239144	50.732177	174
17346	4.239144	50.732177	175
17346	4.239221	50.732255	176
17346	4.239322	50.732325	177
17346	4.239431	50.732387	178
17346	4.239521	50.732463	179
17346	4.239638	50.732523	180
17346	4.239714	50.732603	181
17346	4.239863	50.732682	182
17346	4.240004	50.732655	183
17346	4.240142	50.732617	184
17346	4.240285	50.732525	185
17346	4.240513	50.732496	186
17346	4.240678	50.732416	187
17346	4.24076	50.73238	188
17346	4.24085	50.732316	189
17346	4.240917	50.732292	190
17346	4.243292	50.732685	191
17346	4.243308	50.732679	192
17346	4.240906	50.732313	193
17346	4.243148	50.732738	194
17346	4.24298	50.73279	195
17346	4.242821	50.732899	196
17346	4.24265	50.732946	197
17346	4.242461	50.733043	198
17346	4.242302	50.733111	199
17346	4.242113	50.733182	200
17346	4.241966	50.733235	201
17346	4.241873	50.73326	202
17346	4.241797	50.733263	203
17346	4.241588	50.733324	204
17346	4.241443	50.73343	205
17346	4.241306	50.733486	206
17346	4.241144	50.733538	207
17346	4.241206	50.733624	208
17346	4.241359	50.733663	209
17346	4.241475	50.733771	210
17346	4.24158	50.733834	211
17346	4.241637	50.733856	212
17346	4.24173	50.733902	213
17346	4.242161	50.734164	214
17346	4.242264	50.734305	215
17346	4.242255	50.734363	216
17346	4.2423	50.734419	217
17346	4.242341	50.73445	218
17346	4.242388	50.734489	219
17346	4.242523	50.734578	220
17346	4.242661	50.734655	221
17346	4.242803	50.734737	222
17346	4.242902	50.734832	223
17346	4.243078	50.734825	224
17346	4.243256	50.734716	225
17346	4.243464	50.734654	226
17346	4.243374	50.734778	227
17346	4.243217	50.734837	228
17346	4.24306	50.73491	229
17346	4.242984	50.734941	230
17346	4.244142	50.735655	231
17346	4.244135	50.735674	232
17346	4.24414	50.735636	233
17346	4.244231	50.735529	234
17346	4.244329	50.735423	235
17346	4.244454	50.735358	236
17346	4.244485	50.735332	237
17346	4.244496	50.735323	238
17346	4.244454	50.735358	239
17346	4.244585	50.735243	240
17346	4.244694	50.735141	241
17346	4.244797	50.73503	242
17346	4.244872	50.734929	243
17346	4.244945	50.734833	244
17346	4.245012	50.734729	245
17346	4.245069	50.734598	246
17346	4.245118	50.734501	247
17346	4.245065	50.73438	248
17346	4.244947	50.73429	249
17346	4.24484	50.734173	250
17346	4.245005	50.734111	251
17346	4.245185	50.734041	252
17346	4.245326	50.733965	253
17346	4.245472	50.733889	254
17346	4.245623	50.733818	255
17346	4.245787	50.733737	256
17346	4.245941	50.733636	257
17346	4.246076	50.733559	258
17346	4.246267	50.733521	259
17346	4.246448	50.733478	260
17346	4.246606	50.733464	261
17346	4.246572	50.733469	262
17346	4.246571	50.733469	263
17346	4.24662	50.733456	264
17346	4.246844	50.73345	265
17346	4.247054	50.733441	266
17346	4.247205	50.733416	267
17346	4.247386	50.733389	268
17346	4.247583	50.733381	269
17346	4.247799	50.733365	270
17346	4.247984	50.733351	271
17346	4.247951	50.733343	272
17346	4.248159	50.733332	273
17346	4.248333	50.733289	274
17346	4.248536	50.73325	275
17346	4.248768	50.733241	276
17346	4.248953	50.733236	277
17346	4.249134	50.733251	278
17346	4.249302	50.733207	279
17346	4.249508	50.733176	280
17346	4.249718	50.733163	281
17346	4.249917	50.733148	282
17346	4.250133	50.733146	283
17346	4.250304	50.733182	284
17346	4.250449	50.73312	285
17346	4.250632	50.733029	286
17346	4.250787	50.732932	287
17346	4.250919	50.732859	288
17346	4.251043	50.732787	289
17346	4.251197	50.732705	290
17346	4.251494	50.732496	291
17346	4.251651	50.732427	292
17346	4.251777	50.732333	293
17346	4.251947	50.732247	294
17346	4.252103	50.732169	295
17346	4.252214	50.73208	296
17346	4.252266	50.732059	297
17346	4.252372	50.732001	298
17346	4.252388	50.731994	299
17346	4.252489	50.731923	300
17346	4.25267	50.731848	301
17346	4.252745	50.731827	302
17346	4.252844	50.731774	303
17346	4.252955	50.731705	304
17346	4.253093	50.731612	305
17346	4.253229	50.731534	306
17346	4.253329	50.7315	307
17346	4.253415	50.731468	308
17346	4.253517	50.731396	309
17346	4.253666	50.731295	310
17346	4.253747	50.731232	311
17346	4.253903	50.731208	312
17346	4.253876	50.731332	313
17346	4.253815	50.73147	314
17346	4.253778	50.731604	315
17346	4.25377	50.731703	316
17346	4.253696	50.731792	317
17346	4.253673	50.731905	318
17346	4.253639	50.731952	319
17346	4.253639	50.731952	320
17346	4.25364	50.731977	321
17346	4.25364	50.731977	322
17346	4.25364	50.732015	323
17346	4.253532	50.732305	324
17346	4.25364	50.732015	325
17346	4.253521	50.732257	326
17346	4.253517	50.732272	327
17346	4.253454	50.732436	328
17346	4.253434	50.732556	329
17346	4.253409	50.732673	330
17346	4.253368	50.732787	331
17346	4.25332	50.732893	332
17346	4.253284	50.733001	333
17346	4.253451	50.733035	334
17346	4.253626	50.73304	335
17346	4.253833	50.733059	336
17346	4.253987	50.733035	337
17346	4.254202	50.733003	338
17346	4.254307	50.733116	339
17346	4.254336	50.733163	340
17346	4.254364	50.733323	341
17346	4.254435	50.73348	342
17346	4.254484	50.733651	343
17346	4.254585	50.733802	344
17346	4.254619	50.733896	345
17346	4.254682	50.734016	346
17346	4.254735	50.73408	347
17346	4.254802	50.734192	348
17346	4.254848	50.734341	349
17346	4.254922	50.734451	350
17346	4.254992	50.734558	351
17346	4.255051	50.73468	352
17346	4.255066	50.734833	353
17346	4.254952	50.734898	354
17346	4.25481	50.734905	355
17346	4.254651	50.734959	356
17346	4.254471	50.73498	357
17346	4.254455	50.734987	358
17346	4.254289	50.735067	359
17346	4.254253	50.735102	360
17346	4.254165	50.735156	361
17346	4.254046	50.73525	362
17346	4.253915	50.735343	363
17346	4.253733	50.735415	364
17346	4.253642	50.735522	365
17346	4.253527	50.735583	366
17346	4.253482	50.735617	367
17346	4.253328	50.735725	368
17346	4.253205	50.735836	369
17346	4.253104	50.735931	370
17346	4.252946	50.736032	371
17346	4.2528	50.736093	372
17346	4.252649	50.736103	373
17346	4.252618	50.736091	374
17346	4.252471	50.736012	375
17346	4.252316	50.735907	376
17346	4.25219	50.73583	377
17346	4.252046	50.735775	378
17346	4.251888	50.735718	379
17346	4.251735	50.735661	380
17346	4.251574	50.735576	381
17346	4.25143	50.735474	382
17346	4.251305	50.73539	383
17346	4.251156	50.735328	384
17346	4.251125	50.735312	385
17346	4.250983	50.735254	386
17346	4.250951	50.735245	387
17346	4.250843	50.73519	388
17346	4.25064	50.735175	389
17346	4.249602	50.734859	390
17346	4.249527	50.734826	391
17346	4.249514	50.734817	392
17346	4.249429	50.734756	393
17346	4.249429	50.734756	394
17346	4.249238	50.734679	395
17346	4.249109	50.734627	396
17346	4.249075	50.734638	397
17346	4.248902	50.734463	398
17346	4.248855	50.73445	399
17346	4.248887	50.734461	400
17346	4.248902	50.734463	401
17346	4.248818	50.734389	402
17346	4.248605	50.734454	403
17346	4.2485	50.734549	404
17346	4.248392	50.73463	405
17346	4.248224	50.734707	406
17346	4.248172	50.734752	407
17346	4.248142	50.734801	408
17346	4.248231	50.734868	409
17346	4.248284	50.734889	410
17346	4.248372	50.734937	411
17346	4.248428	50.734977	412
17346	4.248562	50.735049	413
17346	4.248705	50.735123	414
17346	4.248845	50.735225	415
17346	4.248969	50.735328	416
17346	4.249076	50.735409	417
17346	4.249141	50.73544	418
17346	4.249236	50.735488	419
17346	4.249379	50.735603	420
17346	4.2495	50.735689	421
17346	4.249652	50.73574	422
17346	4.249784	50.735829	423
17346	4.249908	50.735928	424
17346	4.250035	50.736003	425
17346	4.250011	50.73614	426
17346	4.250076	50.736228	427
17346	4.249988	50.736305	428
17346	4.249849	50.736387	429
17346	4.249727	50.736454	430
17346	4.249612	50.736545	431
17346	4.249515	50.736639	432
17346	4.249371	50.736725	433
17346	4.249169	50.736751	434
17346	4.249001	50.736769	435
17346	4.248976	50.736763	436
17346	4.248876	50.736691	437
17346	4.248852	50.736674	438
17346	4.248731	50.736607	439
17346	4.248582	50.736508	440
17346	4.248439	50.736472	441
17346	4.248407	50.736491	442
17346	4.248331	50.736558	443
17346	4.24817	50.73666	444
17346	4.248062	50.736775	445
17346	4.247938	50.736884	446
17346	4.247752	50.736972	447
17346	4.247631	50.737082	448
17346	4.247519	50.737186	449
17346	4.247474	50.737286	450
17346	4.247391	50.737362	451
17346	4.247225	50.737394	452
17346	4.247099	50.737271	453
17346	4.247198	50.737174	454
17346	4.247364	50.737137	455
17346	4.247486	50.737035	456
17346	4.247595	50.736948	457
17346	4.247769	50.736855	458
17346	4.247913	50.736767	459
17346	4.248019	50.736693	460
17346	4.248105	50.736617	461
17346	4.248274	50.736518	462
17346	4.248338	50.736436	463
17346	4.248351	50.736403	464
17346	4.248234	50.736285	465
17346	4.248113	50.736221	466
17346	4.24798	50.73617	467
17346	4.247861	50.736086	468
17346	4.247719	50.735994	469
17346	4.24759	50.735908	470
17346	4.247454	50.735866	471
17346	4.247441	50.735856	472
17346	4.247296	50.735772	473
17346	4.24722	50.735637	474
17346	4.247129	50.735507	475
17346	4.247177	50.735411	476
17346	4.247324	50.735331	477
17346	4.247498	50.735218	478
17346	4.247633	50.735142	479
