long	lat	route_id	order
4.2476187	50.7350916	35745	1
4.24750492	50.73515532	35745	2
4.24738416	50.73522382	35745	3
4.24726618	50.73533634	35745	4
4.24715379	50.73541982	35745	5
4.24701731	50.73551297	35745	6
4.24689479	50.73559853	35745	7
4.24677799	50.73567135	35745	8
4.24663928	50.73577058	35745	9
4.2465615	50.7358371	35745	10
4.24649745	50.73587273	35745	11
4.24634418	50.73595063	35745	12
4.24622804	50.73603204	35745	13
4.24610936	50.73611048	35745	14
4.24599921	50.73620145	35745	15
4.245874	50.73628222	35745	16
4.24374575	50.73811018	35745	17
4.24379106	50.73808732	35745	18
4.24369768	50.73814048	35745	19
4.24364537	50.7382414	35745	20
4.24355774	50.7383485	35745	21
4.24345884	50.73844323	35745	22
4.24336022	50.73853286	35745	23
4.24320395	50.73863208	35745	24
4.2430942	50.73869914	35745	25
4.24158442	50.73883741	35745	26
4.2430942	50.73869914	35745	27
4.24308836460114	50.7387042045593	35745	28
4.2415253	50.7388263	35745	29
4.24184063	50.73894132	35745	30
4.24184101	50.7389944	35745	31
4.24203023	50.7390791	35745	32
4.24203366	50.73908734	35745	33
4.24197963	50.73918244	35745	34
4.24201144	50.73914427	35745	35
4.24191758	50.73929222	35745	36
4.24192445	50.73934582	35745	37
4.24197619	50.7394634	35745	38
4.24186858	50.73954949	35745	39
4.24184997	50.73968106	35745	40
4.24186467	50.73977927	35745	41
4.24185586	50.73996858	35745	42
4.24187973	50.74010065	35745	43
4.24191118	50.74021957	35745	44
4.24194355	50.74034941	35745	45
4.24198283	50.74046069	35745	46
4.24203926	50.74054658	35745	47
4.24212073	50.74062934	35745	48
4.24218385	50.74073583	35745	49
4.24236596	50.74068251	35745	50
4.2422890663147	50.7406729459763	35745	51
4.24236437	50.74067676	35745	52
4.24250823	50.74068809	35745	53
4.24229443073273	50.7406783103943	35745	54
4.24262218	50.74076413	35745	55
4.24263144	50.74080502	35745	56
4.24262375	50.74082543	35745	57
4.24281668	50.7407719	35745	58
4.24298111	50.74073323	35745	59
4.24316684	50.74076445	35745	60
4.2433709	50.74076322	35745	61
4.24350713	50.74082353	35745	62
4.2435621	50.74094995	35745	63
4.24363339	50.74105409	35745	64
4.24373845	50.74115627	35745	65
4.24384608	50.74126148	35745	66
4.24394592	50.74136007	35745	67
4.24403246	50.74147623	35745	68
4.24402543	50.74150584	35745	69
4.24401518	50.74155213	35745	70
4.24400568008423	50.7414990663528	35745	71
4.24404323101044	50.7414883375168	35745	72
4.24420736	50.74151639	35745	73
4.24437674	50.74150862	35745	74
4.24452945	50.7415026	35745	75
4.24470418	50.74153507	35745	76
4.24478817	50.7416158	35745	77
4.24480961	50.74164134	35745	78
4.24481855	50.74163233	35745	79
4.24493064	50.74172595	35745	80
4.24510479	50.74176318	35745	81
4.24528261	50.74174796	35745	82
4.24546681	50.74174699	35745	83
4.24564406	50.74174939	35745	84
4.24580939	50.74178747	35745	85
4.24600167	50.74183185	35745	86
4.24615542	50.7418889	35745	87
4.2463179	50.74193022	35745	88
4.24646543	50.74201849	35745	89
4.24659684	50.74213764	35745	90
4.24670001	50.74225263	35745	91
4.24676506	50.74236136	35745	92
4.24686611	50.74246311	35745	93
4.24700926	50.74240467	35745	94
4.247096	50.74229461	35745	95
4.24730615	50.7422735	35745	96
4.24738286	50.74231342	35745	97
4.24741572	50.74237332	35745	98
4.24742651	50.74245129	35745	99
4.24742211	50.74249664	35745	100
4.24732156	50.74258304	35745	101
4.24720231	50.74267385	35745	102
4.24719129	50.74268332	35745	103
4.24707213	50.74275308	35745	104
4.24697143	50.74283202	35745	105
4.24704599	50.74278018	35745	106
4.2470951	50.74275096	35745	107
4.24722504	50.74267029	35745	108
4.24736962	50.74260486	35745	109
4.24742847	50.74248911	35745	110
4.24747842	50.74236454	35745	111
4.24752894	50.74224576	35745	112
4.24750425	50.74213886	35745	113
4.24753105	50.74203733	35745	114
4.2477088	50.74196763	35745	115
4.24780729	50.74188153	35745	116
4.24772177	50.74175925	35745	117
4.24758502	50.7416532	35745	118
4.24748632	50.74154265	35745	119
4.24748057	50.74144756	35745	120
4.24757754	50.74153323	35745	121
4.24770055	50.74162852	35745	122
4.24781999	50.74173591	35745	123
4.24792036	50.74184667	35745	124
4.24808064	50.74179591	35745	125
4.24822895	50.74173299	35745	126
4.2483676	50.74166884	35745	127
4.24852791	50.74162096	35745	128
4.24867361	50.74155116	35745	129
4.24859857	50.74141004	35745	130
4.24851214	50.74131221	35745	131
4.24843093	50.74121381	35745	132
4.24831686	50.74112223	35745	133
4.24846188	50.74121488	35745	134
4.24856943	50.7412998	35745	135
4.24871521	50.74137519	35745	136
4.24884391	50.74142716	35745	137
4.24897717	50.74131628	35745	138
4.24910316	50.74125571	35745	139
4.24925272	50.74117967	35745	140
4.24933013	50.74107314	35745	141
4.24948628	50.74098897	35745	142
4.24968848	50.74090253	35745	143
4.24985887	50.74086442	35745	144
4.2498699	50.74080303	35745	145
4.2497289	50.74078204	35745	146
4.24949462	50.74080613	35745	147
4.24954559	50.74080117	35745	148
4.24944509	50.74081887	35745	149
4.24932013	50.74074605	35745	150
4.24923201	50.74071457	35745	151
4.2490925	50.74064091	35745	152
4.24908344	50.74062967	35745	153
4.24904961	50.7405415	35745	154
4.24859169	50.74030764	35745	155
4.24863453	50.7403139	35745	156
4.24839496	50.74023883	35745	157
4.24818806	50.74015711	35745	158
4.24798777	50.74008473	35745	159
4.24777127	50.73998785	35745	160
4.24774124	50.73987717	35745	161
4.24769959	50.73974553	35745	162
4.2475969	50.73960771	35745	163
4.24766426	50.73951313	35745	164
4.24780051	50.73938099	35745	165
4.24782684	50.7392741	35745	166
4.24776591	50.73918049	35745	167
4.24760842	50.73910422	35745	168
4.24742411	50.73915988	35745	169
4.24727003	50.73918613	35745	170
4.24711374	50.73909379	35745	171
4.24705628	50.73897861	35745	172
4.24708903	50.73886335	35745	173
4.24696824	50.73876516	35745	174
4.24678707	50.73871392	35745	175
4.24661556	50.73868564	35745	176
4.24641592	50.73864896	35745	177
4.24623512	50.73862604	35745	178
4.24617098	50.7387459	35745	179
4.24639312	50.73927395	35745	180
4.24659255	50.73929673	35745	181
4.24665355	50.73933007	35745	182
4.24668643	50.73938477	35745	183
4.24682198	50.73946682	35745	184
4.2468732	50.73958404	35745	185
4.24689809	50.73960895	35745	186
4.24695435	50.73970172	35745	187
4.2470353	50.73974221	35745	188
4.24709827	50.73980537	35745	189
4.24721933	50.73992265	35745	190
4.24737376	50.74004739	35745	191
4.24749182	50.74014923	35745	192
4.24760868	50.74021957	35745	193
4.24772843	50.74037297	35745	194
4.24785446	50.74049757	35745	195
4.24796474	50.74061059	35745	196
4.24804551	50.74071206	35745	197
4.24814352	50.74082311	35745	198
4.24826956	50.7409145	35745	199
4.24838812	50.74101078	35745	200
4.24851102	50.74109653	35745	201
4.24864309	50.74118755	35745	202
4.24873155	50.74129719	35745	203
4.24884847	50.7413702	35745	204
4.24899366	50.74132139	35745	205
4.2491393	50.74125624	35745	206
4.2492449	50.74117726	35745	207
4.24932756	50.74103638	35745	208
4.24944787	50.74094412	35745	209
4.2496131	50.7408642	35745	210
4.24976689	50.74079406	35745	211
4.24993777	50.74073472	35745	212
4.25009779	50.74074482	35745	213
4.25024752	50.74078077	35745	214
4.25035715103149	50.7408338785172	35745	215
4.2504392	50.74082734	35745	216
4.2509624	50.74108982	35745	217
4.25095251	50.74107597	35745	218
4.25058793	50.74089272	35745	219
4.25097241	50.74110034	35745	220
4.25106727	50.74115761	35745	221
4.25122533	50.7412336	35745	222
4.25133614	50.74131075	35745	223
4.25148619	50.74138368	35745	224
4.25157744	50.74145849	35745	225
4.25177714	50.74147764	35745	226
4.2519547	50.74143854	35745	227
4.25209867	50.74140776	35745	228
4.25220833	50.74151533	35745	229
4.25230482	50.74157448	35745	230
4.25243061	50.74168166	35745	231
4.25255617	50.74170293	35745	232
4.2526921	50.74183	35745	233
4.25278264	50.74190107	35745	234
4.25288835	50.74200484	35745	235
4.25307763	50.74201158	35745	236
4.25319915	50.74191934	35745	237
4.25326925	50.74183758	35745	238
4.25328612327576	50.7418209314346	35745	239
4.25333735	50.74172783	35745	240
4.25327036	50.74163388	35745	241
4.25324243	50.74162794	35745	242
4.25318201	50.74151494	35745	243
4.25309204	50.74136111	35745	244
4.25300783	50.74124463	35745	245
4.25296259	50.74113092	35745	246
4.25314304	50.74109254	35745	247
4.25329119	50.74101257	35745	248
4.2535204	50.74101423	35745	249
4.25368003	50.74100665	35745	250
4.25378364	50.74100421	35745	251
4.25386846	50.74100438	35745	252
4.25393738	50.74101517	35745	253
4.253961	50.74100684	35745	254
4.25405908	50.74095343	35745	255
4.25405859947205	50.7409518957138	35745	256
4.25408005714417	50.7409518957138	35745	257
4.25410614	50.74096629	35745	258
4.25418488	50.74088584	35745	259
4.25423234	50.74085874	35745	260
4.25428342	50.74081205	35745	261
4.25432438	50.74075043	35745	262
4.25433458	50.74074816	35745	263
4.25430536270142	50.7407748699188	35745	264
4.25448397	50.74069859	35745	265
4.25457319	50.74064334	35745	266
4.25459078	50.74063332	35745	267
4.25473132	50.740598	35745	268
4.25481255	50.74054889	35745	269
4.25493174	50.74043128	35745	270
4.25502771	50.74030288	35745	271
4.2551323	50.74019221	35745	272
4.25523853	50.74010355	35745	273
4.25532892	50.74001153	35745	274
4.25540437	50.73992441	35745	275
4.25550738	50.73977846	35745	276
4.25564337	50.73970326	35745	277
4.25582231	50.73964872	35745	278
4.25598209	50.73963442	35745	279
4.25609251	50.73961477	35745	280
4.25612912	50.73961322	35745	281
4.25620098	50.73957527	35745	282
4.25632172	50.73949469	35745	283
4.25649846	50.73942812	35745	284
4.25665121	50.73938909	35745	285
4.25685163	50.73927976	35745	286
4.25705344	50.73918012	35745	287
4.25723268	50.73907477	35745	288
4.25739596	50.73899331	35745	289
4.2576055	50.73891705	35745	290
4.25779419	50.73886446	35745	291
4.25796294	50.73880718	35745	292
4.25812591	50.73872289	35745	293
4.2582884	50.73862393	35745	294
4.25839635	50.73851499	35745	295
4.25850312	50.73843835	35745	296
4.2586013	50.73834608	35745	297
4.25871946	50.73826047	35745	298
4.25879399	50.73812965	35745	299
4.25888976	50.7380288	35745	300
4.25889181	50.73802093	35745	301
4.25898219	50.73794885	35745	302
4.25904073	50.73792142	35745	303
4.25915591	50.73783764	35745	304
4.25931768	50.73774185	35745	305
4.25945736	50.73766637	35745	306
4.25948843	50.73765212	35745	307
4.2595974	50.73758643	35745	308
4.25960962	50.73756893	35745	309
4.25969776	50.73749117	35745	310
4.25985597	50.73743866	35745	311
4.26004513	50.73735733	35745	312
4.26024617	50.73735598	35745	313
4.26042536	50.73738779	35745	314
4.26061218	50.73738195	35745	315
4.26073951	50.73731678	35745	316
4.26058429	50.7373155	35745	317
4.26039453	50.73729283	35745	318
4.26019328	50.73728147	35745	319
4.26001056	50.73725994	35745	320
4.25995882	50.73725953	35745	321
4.25982267	50.73722356	35745	322
4.25980257	50.73720374	35745	323
4.25975745	50.73718516	35745	324
4.25973689	50.73718349	35745	325
4.25980257	50.73720374	35745	326
4.25960407	50.73715569	35745	327
4.25943061	50.73712979	35745	328
4.25928569	50.73710474	35745	329
4.25914976	50.73704576	35745	330
4.2589274	50.73701128	35745	331
4.25872227	50.73694118	35745	332
4.25851527	50.7368715	35745	333
4.2583483	50.73684242	35745	334
4.25820621	50.73679164	35745	335
4.25806544	50.73673656	35745	336
4.25791699	50.73666841	35745	337
4.25775077	50.73656186	35745	338
4.25763937	50.73649061	35745	339
4.2574764	50.73643585	35745	340
4.25734035	50.73636541	35745	341
4.25720971	50.73628764	35745	342
4.25707198	50.73621422	35745	343
4.25695512	50.73613141	35745	344
4.25682093	50.73603199	35745	345
4.25670433	50.73594802	35745	346
4.25658664	50.73585244	35745	347
4.25657987594604	50.7358396053314	35745	348
4.25657987594604	50.7358396053314	35745	349
4.25655512	50.7357774	35745	350
4.25653999	50.73565211	35745	351
4.25663516	50.73553216	35745	352
4.2567139	50.73542208	35745	353
4.25690662	50.73548721	35745	354
4.25707711	50.7355232	35745	355
4.25727961	50.7355504	35745	356
4.25745511	50.73559518	35745	357
4.25764412	50.73560672	35745	358
4.25780143	50.73560225	35745	359
4.25795886	50.73560024	35745	360
4.25834072	50.73563124	35745	361
4.25837159156799	50.7356142997742	35745	362
4.25808462	50.73557888	35745	363
4.258523	50.73558964	35745	364
4.25868371	50.7355891	35745	365
4.25886718	50.73557825	35745	366
4.25907541	50.73559036	35745	367
4.25929914	50.73558365	35745	368
4.25952513	50.7355511	35745	369
4.25970385	50.73551849	35745	370
4.25987973	50.73549253	35745	371
4.26001898	50.73547438	35745	372
4.26020089	50.73541295	35745	373
4.26030278205872	50.735399723053	35745	374
4.26031019	50.73541286	35745	375
4.26034569740295	50.735405087471	35745	376
4.26044493	50.73532624	35745	377
4.26052252	50.73528842	35745	378
4.26054554	50.73527292	35745	379
4.26062635	50.7352359	35745	380
4.26065683364868	50.73521733284	35745	381
4.2607472	50.73516265	35745	382
4.26084195	50.73511788	35745	383
4.26094263	50.73500822	35745	384
4.26102645	50.73490895	35745	385
4.26118039	50.73482533	35745	386
4.26118039	50.73482533	35745	387
4.26132248	50.73474153	35745	388
4.26140841	50.73469774	35745	389
4.2614657	50.73467011	35745	390
4.26150659	50.73457467	35745	391
4.26130988	50.73453199	35745	392
4.26114493	50.73450596	35745	393
4.26102026	50.73448332	35745	394
4.26081414	50.73443462	35745	395
4.26063492	50.73440594	35745	396
4.26041483	50.73436816	35745	397
4.26025784	50.73433667	35745	398
4.26010701	50.73429956	35745	399
4.25993751	50.73427668	35745	400
4.25977711	50.73422719	35745	401
4.25959252	50.73418015	35745	402
4.25939554	50.73414116	35745	403
4.2592071	50.73411341	35745	404
4.25903984	50.73407275	35745	405
4.25885371	50.73404449	35745	406
4.25866941	50.73401835	35745	407
4.2585072	50.73399305	35745	408
4.25834269	50.73396558	35745	409
4.25816017	50.73394126	35745	410
4.25798614	50.73391045	35745	411
4.25787197	50.73385305	35745	412
4.25791592	50.73371228	35745	413
4.25790207	50.73359392	35745	414
4.25792635	50.73350323	35745	415
4.25801134	50.73336232	35745	416
4.25809793	50.73321864	35745	417
4.25818045	50.73312249	35745	418
4.2582596	50.73303073	35745	419
4.25838307	50.73293652	35745	420
4.25850659	50.73282363	35745	421
4.25857396	50.7326858	35745	422
4.25866213	50.73260441	35745	423
4.25877094	50.73248586	35745	424
4.25889191	50.73238453	35745	425
4.25899173	50.73227175	35745	426
4.25908073	50.7321606	35745	427
4.25917563	50.73206074	35745	428
4.25920335	50.73195783	35745	429
4.2592017	50.7318471	35745	430
4.25915743	50.73175246	35745	431
4.25907018	50.73161711	35745	432
4.2589769	50.7315209	35745	433
4.25892439	50.73141914	35745	434
4.25880528	50.73129818	35745	435
4.25868883	50.73120731	35745	436
4.25863505	50.7310782	35745	437
4.25850983	50.7309826	35745	438
4.25838326	50.73087216	35745	439
4.25835595	50.73077179	35745	440
4.25834202	50.73064274	35745	441
4.25826711	50.73052429	35745	442
4.2581757	50.73042643	35745	443
4.25799745	50.73030578	35745	444
4.25787019	50.73017477	35745	445
4.25774031	50.73011514	35745	446
4.25756027	50.73019403	35745	447
4.25736398	50.7302616	35745	448
4.25716232	50.73032163	35745	449
4.25698412	50.73031497	35745	450
4.25679703	50.73037662	35745	451
4.25660497	50.73043254	35745	452
4.25641603	50.73046243	35745	453
4.25621931	50.73052537	35745	454
4.2560659	50.73057826	35745	455
4.25589131	50.73064555	35745	456
4.25573673	50.73070001	35745	457
4.25554423	50.73075582	35745	458
4.25536644	50.73081912	35745	459
4.2551866	50.73086829	35745	460
4.25497403	50.73090791	35745	461
4.25480751	50.73093092	35745	462
4.2546295	50.73095945	35745	463
4.25445236	50.73101998	35745	464
4.25425126	50.73105652	35745	465
4.25408942	50.73111575	35745	466
4.25391536	50.73117025	35745	467
4.25378025	50.73124016	35745	468
4.2537825	50.73123494	35745	469
4.25378337	50.73123601	35745	470
4.24891776	50.73325993	35745	471
4.24889802932739	50.7332539558411	35745	472
4.24890665	50.73325496	35745	473
4.2489069	50.73325624	35745	474
4.24886678	50.7332549	35745	475
4.24871976	50.73326424	35745	476
4.24855394	50.73328952	35745	477
4.24837086	50.73330541	35745	478
4.24820725	50.73331676	35745	479
4.24804283	50.73333101	35745	480
4.24787115	50.73333122	35745	481
4.24764964	50.73334786	35745	482
4.24751224	50.73343058	35745	483
4.24729642	50.73346493	35745	484
4.24713441	50.73344481	35745	485
4.24697685	50.73344385	35745	486
4.24698101	50.7334448	35745	487
4.24697905	50.73344737	35745	488
4.24673224	50.73343998	35745	489
4.24674021	50.73344701	35745	490
4.24673177	50.73344297	35745	491
4.24655688	50.73347553	35745	492
4.24640017	50.73348176	35745	493
4.24627377	50.73348194	35745	494
4.24615408	50.73342029	35745	495
4.24612998962402	50.7333880662918	35745	496
4.24610333	50.73335327	35745	497
4.24602297	50.7332987	35745	498
4.24590248	50.73320319	35745	499
4.24582063	50.73312554	35745	500
4.24571062	50.73304738	35745	501
4.24556853	50.73294246	35745	502
4.24546896	50.73285069	35745	503
4.24531647	50.73281624	35745	504
4.24515053	50.73274707	35745	505
4.24503619	50.73264071	35745	506
4.24491199	50.73259681	35745	507
4.24481616	50.73251836	35745	508
4.24478238	50.73244958	35745	509
4.2446237	50.73238156	35745	510
4.24441125	50.73221066	35745	511
4.24440204	50.73204289	35745	512
4.24433999	50.73128266	35745	513
4.24436204	50.73128101	35745	514
4.24424206	50.73121011	35745	515
4.24415573	50.73111052	35745	516
4.24403763	50.73099242	35745	517
4.24403343	50.73086521	35745	518
4.24403519	50.73084149	35745	519
4.2440438	50.73082584	35745	520
4.24397796	50.73087285	35745	521
4.24393085	50.7308896	35745	522
4.24383421	50.73092947	35745	523
4.2438704	50.73091252	35745	524
4.2438704	50.73091252	35745	525
4.24373034	50.73099881	35745	526
4.24358252	50.73105477	35745	527
4.24337182	50.73101692	35745	528
4.24331094	50.73096028	35745	529
4.24329133	50.7309532	35745	530
4.24322439	50.73090311	35745	531
4.24305416	50.73084056	35745	532
4.24296812	50.73076372	35745	533
4.24287231	50.73068195	35745	534
4.24276966	50.73059615	35745	535
4.24260777	50.73050353	35745	536
4.24250614	50.73040324	35745	537
4.24239131	50.7303102	35745	538
4.24223286	50.73023871	35745	539
4.24212803	50.73016603	35745	540
4.24193489	50.7301553	35745	541
4.24178295	50.73008613	35745	542
4.24167776	50.73001122	35745	543
4.24159714	50.72991829	35745	544
4.24141886	50.7298643	35745	545
4.24121562	50.72991615	35745	546
4.24108736	50.72999487	35745	547
4.24099116	50.73007485	35745	548
4.24087301	50.73015368	35745	549
4.24073258	50.73024922	35745	550
4.24060912	50.73039162	35745	551
4.24062178	50.73037221	35745	552
4.24052561	50.73048746	35745	553
4.24048208	50.73058779	35745	554
4.24035729	50.730681	35745	555
4.24021716	50.73076979	35745	556
4.24019937	50.73089902	35745	557
4.24014553	50.73101369	35745	558
4.24003515	50.73112752	35745	559
4.23993556	50.73120499	35745	560
4.23982996	50.73127606	35745	561
4.23971121	50.73136156	35745	562
4.23962234	50.73146371	35745	563
4.23949328	50.73155787	35745	564
4.23941986	50.73163594	35745	565
4.23928204	50.731726	35745	566
4.23913413	50.7318092	35745	567
4.23906485	50.7319094	35745	568
4.23892959	50.7320039	35745	569
4.23878899	50.73207975	35745	570
4.23862498	50.73216544	35745	571
4.23845795	50.73219431	35745	572
4.23827898	50.73220813	35745	573
4.23813038	50.7322499	35745	574
4.23812627792358	50.7322508096695	35745	575
4.23810545	50.73224748	35745	576
4.23808384	50.73221979	35745	577
4.23804524	50.73221992	35745	578
4.23795266	50.73225703	35745	579
4.23783215	50.7323349	35745	580
4.23771049	50.73239946	35745	581
4.23770619	50.73239664	35745	582
4.23785513	50.73233595	35745	583
4.23793748	50.7323304	35745	584
4.23797603	50.732387	35745	585
4.23804783	50.73235258	35745	586
4.23814585	50.73230012	35745	587
4.23820098	50.73228259	35745	588
4.23826828	50.73233139	35745	589
4.2383201	50.73236585	35745	590
4.2383553	50.73240064	35745	591
4.23840743	50.73244892	35745	592
4.2384381	50.7324891	35745	593
4.23848205	50.73253832	35745	594
4.23849107	50.73254717	35745	595
4.23859783	50.73263962	35745	596
4.23869099	50.73271393	35745	597
4.23873443	50.73273633	35745	598
4.23886034	50.73282292	35745	599
4.23896348	50.73291927	35745	600
4.23910826	50.73296023	35745	601
4.2392766	50.73296351	35745	602
4.23944624	50.73301894	35745	603
4.23956038	50.73309189	35745	604
4.23964994	50.73317386	35745	605
4.23983749	50.73313363	35745	606
4.23991523	50.7332347	35745	607
4.24004664	50.73328137	35745	608
4.2401815	50.73333262	35745	609
4.24020225	50.73342174	35745	610
4.24027016	50.73341653	35745	611
4.24014528	50.73332167	35745	612
4.23999858	50.73323119	35745	613
4.23986699	50.7333176	35745	614
4.23969347	50.73338899	35745	615
4.23958584	50.73347873	35745	616
4.23970557	50.73356574	35745	617
4.23983243	50.73365541	35745	618
4.2399993	50.73371771	35745	619
4.24016612	50.73381413	35745	620
4.24026022	50.73391412	35745	621
4.24036939	50.73402637	35745	622
4.24052328	50.7341348	35745	623
4.24057722	50.73423022	35745	624
4.24064188	50.73433096	35745	625
4.24068877	50.73442178	35745	626
4.2407457	50.73451733	35745	627
4.24081995	50.73460545	35745	628
4.24092303	50.73469749	35745	629
4.2410821	50.73478055	35745	630
4.24119148	50.73488076	35745	631
4.2412732	50.73498143	35745	632
4.24139811	50.73505974	35745	633
4.24147344	50.73515893	35745	634
4.24156895	50.73526356	35745	635
4.24168309	50.73532123	35745	636
4.24177093	50.73540556	35745	637
4.24190671	50.73548435	35745	638
4.24204644	50.73559934	35745	639
4.24212932	50.73571416	35745	640
4.24220288	50.73583385	35745	641
4.24225216	50.73594333	35745	642
4.24224584	50.73607622	35745	643
4.24220417	50.73622002	35745	644
4.24217203	50.73634447	35745	645
4.24212818	50.73645525	35745	646
4.24210943	50.73655825	35745	647
4.24205883	50.73669094	35745	648
4.24204714	50.73679091	35745	649
4.24205201	50.73691799	35745	650
4.24205083	50.73707734	35745	651
4.2420611	50.73720109	35745	652
4.24203232	50.73733657	35745	653
4.24200298	50.73742622	35745	654
4.24196887	50.73753087	35745	655
4.24195691	50.73765732	35745	656
4.24192453	50.73777991	35745	657
4.24190298	50.73787233	35745	658
4.24189819	50.73797332	35745	659
4.241904	50.73808756	35745	660
4.24188368	50.73821961	35745	661
4.24186783	50.73832386	35745	662
4.24184379	50.73842338	35745	663
4.24183184	50.73856416	35745	664
4.24181948	50.73867547	35745	665
4.2417053	50.73873565	35745	666
4.24158705	50.73880051	35745	667
4.24158365	50.73885249	35745	668
4.24158467	50.73884776	35745	669
4.24158485	50.73884796	35745	670
4.24158533	50.73884812	35745	671
4.2416392	50.73885008	35745	672
4.24160833	50.73885363	35745	673
4.24181673	50.73885008	35745	674
4.2419264	50.73894382	35745	675
4.24206764	50.73901592	35745	676
4.24224764	50.73900055	35745	677
4.24241176	50.73895558	35745	678
4.24254891	50.73889276	35745	679
4.24268684	50.73884566	35745	680
4.24285339	50.73881754	35745	681
4.24302977	50.73875846	35745	682
4.24315248	50.73868855	35745	683
4.24330704	50.73860826	35745	684
4.24342104	50.73852108	35745	685
4.24355474	50.7384026	35745	686
4.24364382	50.73831406	35745	687
4.24368994	50.73822266	35745	688
4.24378808	50.73813845	35745	689
4.24389504	50.73802225	35745	690
4.24398858	50.73793002	35745	691
4.24414328	50.73784363	35745	692
4.24420599	50.73773732	35745	693
4.24427017	50.73761693	35745	694
4.24438515	50.73753286	35745	695
4.24445782	50.73742206	35745	696
4.24448711	50.7373986	35745	697
4.24460283	50.73730412	35745	698
4.2446985	50.73721029	35745	699
4.2447956	50.73710961	35745	700
4.24492892	50.73707451	35745	701
4.24508373	50.73704547	35745	702
4.24521217	50.73695831	35745	703
4.24521267414093	50.7369232177734	35745	704
4.24523401	50.73682907	35745	705
4.24531059	50.73669075	35745	706
4.24536603	50.73658681	35745	707
4.24550901	50.73650086	35745	708
4.24563279	50.73643077	35745	709
4.24576497	50.73636052	35745	710
4.24593192	50.73624932	35745	711
4.24601117	50.7361334	35745	712
4.24613138	50.73602025	35745	713
4.24624962	50.73593676	35745	714
4.24638144	50.73584441	35745	715
4.24652976	50.73576612	35745	716
4.24667269	50.73569209	35745	717
4.2467827	50.73559417	35745	718
4.2469108	50.73548867	35745	719
4.24706947	50.7354335	35745	720
4.24719611	50.73535632	35745	721
4.24733231	50.73524432	35745	722
4.2475476	50.7350231	36309	1
4.24764606	50.73505026	36309	2
4.24770282	50.73508651	36309	3
4.2477047	50.73510326	36309	4
4.24772322177887	50.7351207733154	36309	5
4.24775867	50.73502687	36309	6
4.24788086	50.73496685	36309	7
4.24783485	50.73488133	36309	8
4.24779591	50.73475284	36309	9
4.24778759479523	50.7347828149796	36309	10
4.24767474	50.73467077	36309	11
4.24758112	50.7345911	36309	12
4.24747538	50.73450797	36309	13
4.24737499	50.73442056	36309	14
4.24725589	50.73434455	36309	15
4.24713589	50.73423734	36309	16
4.24702582	50.73415741	36309	17
4.24690799	50.73407035	36309	18
4.24681822	50.73398957	36309	19
4.24671733	50.73391202	36309	20
4.24662175	50.73382805	36309	21
4.24652148	50.73373534	36309	22
4.24640871	50.73365358	36309	23
4.24634972	50.73362894	36309	24
4.24627707	50.73357769	36309	25
4.2461552	50.73348615	36309	26
4.24605131	50.73337476	36309	27
4.24598828	50.7333026	36309	28
4.24587271	50.7332212	36309	29
4.24575933	50.73310337	36309	30
4.24571358	50.7330122	36309	31
4.24555892	50.73291647	36309	32
4.24547336	50.73283647	36309	33
4.24536959	50.73275385	36309	34
4.24533	50.73274438	36309	35
4.24520954	50.73264467	36309	36
4.24510354	50.7325734	36309	37
4.24505462	50.7324617	36309	38
4.24497413	50.73236675	36309	39
4.24486817	50.73228843	36309	40
4.24463962	50.73226136	36309	41
4.24445473	50.73220669	36309	42
4.24441083	50.73208507	36309	43
4.24457356	50.73196946	36309	44
4.24473526	50.73189628	36309	45
4.24488218	50.73182887	36309	46
4.24504205	50.73174261	36309	47
4.24517752	50.73166864	36309	48
4.2453591	50.7315515	36309	49
4.24548309	50.73147597	36309	50
4.24567954	50.7314314	36309	51
4.24587031	50.73155499	36309	52
4.24600384	50.73163763	36309	53
4.24616242	50.73171603	36309	54
4.24628764	50.731796	36309	55
4.24634419	50.73179213	36309	56
4.24634423	50.73179208	36309	57
4.24644374	50.73180082	36309	58
4.24664761	50.73179051	36309	59
4.24682289	50.73185617	36309	60
4.2469657	50.73189679	36309	61
4.2470003	50.73190522	36309	62
4.24716992	50.73194726	36309	63
4.24735692	50.73195416	36309	64
4.2475431	50.73196842	36309	65
4.24774537	50.73197702	36309	66
4.24789575	50.73199117	36309	67
4.24792869	50.73188175	36309	68
4.24799601	50.73177796	36309	69
4.24813409	50.73164099	36309	70
4.24826855	50.73153908	36309	71
4.24840202	50.73146476	36309	72
4.24857262	50.73142392	36309	73
4.24851287	50.73128892	36309	74
4.2483646	50.7311978	36309	75
4.24829379	50.73110735	36309	76
4.24826149	50.73099135	36309	77
4.24820137	50.73088328	36309	78
4.24808179	50.73078618	36309	79
4.2479743	50.73069278	36309	80
4.24786456	50.73057395	36309	81
4.24794832	50.73049791	36309	82
4.2480829	50.73042737	36309	83
4.24822405	50.7303421	36309	84
4.24838689	50.73026149	36309	85
4.24853796	50.73019232	36309	86
4.24869404	50.73013654	36309	87
4.24888624	50.73005343	36309	88
4.24907205	50.72999066	36309	89
4.24922392	50.7299106	36309	90
4.24922392	50.7299106	36309	91
4.24936015	50.7298299	36309	92
4.24934076	50.72972774	36309	93
4.24923583	50.7296619	36309	94
4.24920222	50.72963145	36309	95
4.24911646	50.72953107	36309	96
4.24908234	50.72949484	36309	97
4.24902336	50.72942137	36309	98
4.24893217	50.72930145	36309	99
4.24884099	50.7292059	36309	100
4.24878786	50.72914375	36309	101
4.24875762	50.72910426	36309	102
4.24865383	50.72901231	36309	103
4.24856592	50.72891581	36309	104
4.24839155	50.72891464	36309	105
4.24824612	50.72899459	36309	106
4.2480781	50.72909434	36309	107
4.24792115	50.72915862	36309	108
4.24774067	50.72922847	36309	109
4.24759085	50.72929791	36309	110
4.24743485	50.72935929	36309	111
4.2473058	50.72942558	36309	112
4.24715755	50.72948008	36309	113
4.24703266	50.72955923	36309	114
4.24686225	50.72960979	36309	115
4.24669422	50.72968108	36309	116
4.24665546	50.72970265	36309	117
4.24657251	50.72971857	36309	118
4.2465149	50.72973432	36309	119
4.24638346	50.72980428	36309	120
4.24628619	50.72984674	36309	121
4.24621992	50.72986879	36309	122
4.24613835	50.72990698	36309	123
4.2460742	50.72993017	36309	124
4.24593345	50.73000207	36309	125
4.24577137	50.7300681	36309	126
4.24560525	50.73013394	36309	127
4.24546953	50.73020533	36309	128
4.24533574	50.73025671	36309	129
4.2452073097229	50.7303249835968	36309	130
4.24512147903442	50.730357170105	36309	131
4.24499085	50.73045347	36309	132
4.24482841	50.73051624	36309	133
4.24467712	50.73057417	36309	134
4.24452075	50.73061815	36309	135
4.24437968	50.73068767	36309	136
4.24429702	50.7307749	36309	137
4.24417768	50.73083887	36309	138
4.244145154953	50.7308238744736	36309	139
4.24407901	50.73076574	36309	140
4.24398528	50.73067876	36309	141
4.24394792	50.73055613	36309	142
4.24400485	50.73043773	36309	143
4.24394559	50.73041024	36309	144
4.24383359	50.73036878	36309	145
4.24373559	50.73028788	36309	146
4.24364163	50.7302171	36309	147
4.24358595	50.73009798	36309	148
4.24347006	50.72999646	36309	149
4.24337942	50.72989858	36309	150
4.24335607	50.72979492	36309	151
4.24343196	50.72970659	36309	152
4.24353893	50.72963498	36309	153
4.24365627	50.72955661	36309	154
4.24370706	50.72950681	36309	155
4.2438646	50.72943928	36309	156
4.24402011	50.72937288	36309	157
4.24416642	50.72930344	36309	158
4.24432862	50.72923838	36309	159
4.24447205	50.72919001	36309	160
4.24464731	50.7291284	36309	161
4.24481128	50.72907006	36309	162
4.24494367	50.72902832	36309	163
4.24511461	50.72892794	36309	164
4.2451275	50.72880779	36309	165
4.24526289	50.72876388	36309	166
4.24543669	50.72869973	36309	167
4.24828649	50.72746002	36309	168
4.24785261	50.72769112	36309	169
4.24659146	50.72694616	36309	170
4.24352092	50.72654257	36309	171
4.24355166	50.7265468	36309	172
4.24334582	50.72651333	36309	173
4.24315079	50.72653976	36309	174
4.24296498298645	50.7266128063202	36309	175
4.24298182	50.72660603	36309	176
4.24283122	50.72668222	36309	177
4.24277714	50.72678479	36309	178
4.24274534	50.72688667	36309	179
4.24281133	50.72699278	36309	180
4.24292722	50.72707805	36309	181
4.24309471	50.72716349	36309	182
4.24324283	50.72723717	36309	183
4.24337027	50.72730802	36309	184
4.24354226	50.72734427	36309	185
4.24365671	50.72743135	36309	186
4.24367194	50.7274436	36309	187
4.24372055	50.72746776	36309	188
4.2438937	50.72754648	36309	189
4.24394229	50.72763606	36309	190
4.24381016	50.72774537	36309	191
4.24369122	50.72786083	36309	192
4.24358512	50.72797631	36309	193
4.2434869	50.7280888	36309	194
4.24334851	50.72820148	36309	195
4.24320136	50.72829888	36309	196
4.24305857	50.72840904	36309	197
4.24293199	50.72852156	36309	198
4.24282921	50.7286083	36309	199
4.24271362	50.72872717	36309	200
4.24254771	50.72882482	36309	201
4.24247145652771	50.7288712263107	36309	202
4.24248731	50.72885538	36309	203
4.24240603	50.72897473	36309	204
4.24229191	50.72905448	36309	205
4.24213505	50.72911574	36309	206
4.24199449	50.72921335	36309	207
4.24191937	50.72932575	36309	208
4.24181401	50.72941359	36309	209
4.24175262451172	50.729461312294	36309	210
4.24176871776581	50.7294505834579	36309	211
4.24162824	50.7295303	36309	212
4.24149672	50.72962195	36309	213
4.24134384	50.72968475	36309	214
4.24121314	50.72979356	36309	215
4.24110074	50.72988323	36309	216
4.24099964	50.72999377	36309	217
4.24095316	50.73011948	36309	218
4.24081177	50.73024099	36309	219
4.24071824	50.7303343	36309	220
4.24063013	50.73040683	36309	221
4.24054674	50.73049933	36309	222
4.2404558	50.73060027	36309	223
4.24036323	50.73069805	36309	224
4.24016812	50.73078445	36309	225
4.24001868	50.73071747	36309	226
4.23988436	50.73060772	36309	227
4.23974513	50.73053647	36309	228
4.23958869	50.73046346	36309	229
4.23944645	50.73040261	36309	230
4.23926393	50.73034684	36309	231
4.23920016	50.73030916	36309	232
4.23907516	50.73024983	36309	233
4.23893792	50.7301866	36309	234
4.23881504	50.73012392	36309	235
4.23866346	50.73004691	36309	236
4.23850157	50.72999728	36309	237
4.23834931	50.7300293	36309	238
4.23818513	50.73004689	36309	239
4.23802813	50.73005091	36309	240
4.23787181	50.73010133	36309	241
4.23775876	50.73019491	36309	242
4.23772723	50.73024466	36309	243
4.23769488	50.73027535	36309	244
4.2375554	50.7303726	36309	245
4.23742012	50.73043748	36309	246
4.23728722	50.73053307	36309	247
4.23718361	50.73061961	36309	248
4.23706805	50.73067324	36309	249
4.23692504	50.73063848	36309	250
4.23713121	50.73066307	36309	251
4.23729773	50.73072362	36309	252
4.23742463	50.73082045	36309	253
4.23753687	50.73087746	36309	254
4.23762663	50.73098903	36309	255
4.23775353	50.73106919	36309	256
4.23785055	50.73117259	36309	257
4.23797064	50.73210045	36309	258
4.2380336	50.73207338	36309	259
4.23782407	50.73217884	36309	260
4.23763768	50.7321766	36309	261
4.23761958	50.73230336	36309	262
4.23781736	50.7323279	36309	263
4.23801103	50.73233957	36309	264
4.23808225	50.73233023	36309	265
4.23808811	50.73232742	36309	266
4.23792155	50.7323655	36309	267
4.23769556	50.73240747	36309	268
4.23754281	50.73247599	36309	269
4.23738193	50.73254425	36309	270
4.23737028	50.7326447	36309	271
4.2372581	50.73269899	36309	272
4.23724695	50.73270248	36309	273
4.23712952	50.73281469	36309	274
4.23717593	50.73294435	36309	275
4.23726084	50.73299708	36309	276
4.23730837	50.7330085	36309	277
4.2373172	50.73300298	36309	278
4.23749059	50.73306118	36309	279
4.23756801	50.73307839	36309	280
4.23765677	50.73309577	36309	281
4.23777696	50.7331548	36309	282
4.23783946	50.73317763	36309	283
4.2379739	50.73325861	36309	284
4.23805646	50.73336046	36309	285
4.238168	50.73346575	36309	286
4.23830648	50.73349839	36309	287
4.23839671	50.73360853	36309	288
4.23853904	50.73374216	36309	289
4.23859975	50.73377289	36309	290
4.23863182	50.73381812	36309	291
4.23872171	50.73391296	36309	292
4.23881031	50.73403539	36309	293
4.23890566	50.7341471	36309	294
4.23898521	50.73425621	36309	295
4.23907808	50.73434297	36309	296
4.23911752	50.73444935	36309	297
4.23921845	50.73454966	36309	298
4.23937737	50.73462039	36309	299
4.23952149	50.73466442	36309	300
4.23956681	50.73471973	36309	301
4.23961216	50.73471454	36309	302
4.23962227	50.73472509	36309	303
4.23962235	50.73472481	36309	304
4.23971179	50.73472657	36309	305
4.23977198	50.73474742	36309	306
4.23977126	50.73475196	36309	307
4.23977291	50.7347531	36309	308
4.23977364	50.73475344	36309	309
4.23975859	50.73477619	36309	310
4.23955656	50.73471461	36309	311
4.23962612	50.73482218	36309	312
4.23962301	50.73482043	36309	313
4.23967816	50.73492324	36309	314
4.23973753	50.73503954	36309	315
4.23976564	50.73508059	36309	316
4.23980107	50.73512695	36309	317
4.2398388	50.73517184	36309	318
4.23989964	50.73520735	36309	319
4.23993529	50.73524093	36309	320
4.24000625	50.73531515	36309	321
4.240116	50.73544562	36309	322
4.24015811	50.73553736	36309	323
4.24028153	50.73567013	36309	324
4.24038652	50.73580371	36309	325
4.24043643	50.73592316	36309	326
4.24054976	50.73598013	36309	327
4.24071841	50.73603427	36309	328
4.24078336	50.73614967	36309	329
4.24083527	50.73626302	36309	330
4.2408667	50.73638269	36309	331
4.24082995	50.73648649	36309	332
4.24090437	50.73657277	36309	333
4.24081477	50.73667141	36309	334
4.24077577	50.73673026	36309	335
4.24077274	50.73676113	36309	336
4.24075484275818	50.7367515563965	36309	337
4.24076557159424	50.7367891073227	36309	338
4.24077301	50.73687804	36309	339
4.24076020717621	50.7368910312653	36309	340
4.24075484275818	50.7367515563965	36309	341
4.24074519	50.73691068	36309	342
4.24077093601227	50.7367730140686	36309	343
4.24077301	50.73687804	36309	344
4.24076557159424	50.7367891073227	36309	345
4.24054918	50.73691618	36309	346
4.24040932	50.73694957	36309	347
4.24023069	50.73697349	36309	348
4.24008831	50.7370452	36309	349
4.23995614	50.7371299	36309	350
4.23982175	50.73721123	36309	351
4.2397026	50.73728578	36309	352
4.23959846	50.73736987	36309	353
4.23948502	50.73744538	36309	354
4.2393522	50.7374956	36309	355
4.2392137	50.7375419	36309	356
4.23905936	50.73758946	36309	357
4.23890156	50.73761318	36309	358
4.23870287	50.73757717	36309	359
4.23855327	50.73756072	36309	360
4.23839205	50.73758337	36309	361
4.23832052	50.73760498	36309	362
4.23831819	50.73760904	36309	363
4.23825709	50.73764261	36309	364
4.23810569	50.73764166	36309	365
4.23805597	50.73768325	36309	366
4.23799442	50.73770349	36309	367
4.237838	50.73764125	36309	368
4.23772173	50.7375789	36309	369
4.23764163	50.73749586	36309	370
4.23753247	50.73742389	36309	371
4.23743	50.7373538	36309	372
4.23729335	50.73732825	36309	373
4.23713078	50.73730017	36309	374
4.23700314	50.73725351	36309	375
4.23685293	50.73722399	36309	376
4.23671105	50.73720478	36309	377
4.23663013	50.73712973	36309	378
4.23654314	50.7372038	36309	379
4.23641562	50.73715937	36309	380
4.23627036	50.73710023	36309	381
4.23614019	50.7370489	36309	382
4.23603089	50.73698724	36309	383
4.23589754	50.73693513	36309	384
4.23578886	50.73687468	36309	385
4.2356552	50.73682076	36309	386
4.23552604	50.73687871	36309	387
4.23545408	50.73696301	36309	388
4.23530557	50.73700472	36309	389
4.23521471	50.73708733	36309	390
4.23522488	50.73718639	36309	391
4.23533745	50.73724578	36309	392
4.23544716	50.7373179	36309	393
4.23551986	50.73734217	36309	394
4.2355997	50.73733014	36309	395
4.23572275	50.73738627	36309	396
4.23583498	50.73744784	36309	397
4.23593943	50.73752908	36309	398
4.23608538	50.73756371	36309	399
4.23620161	50.7376175	36309	400
4.23630509	50.73767925	36309	401
4.23642889	50.73772441	36309	402
4.2365562	50.7377711	36309	403
4.23670053	50.73775241	36309	404
4.23683758	50.73770335	36309	405
4.23698757	50.73772249	36309	406
4.23713886	50.73773206	36309	407
4.23827169	50.73763444	36309	408
4.2372788	50.73769065	36309	409
4.23742988	50.73770031	36309	410
4.23755691	50.73761845	36309	411
4.23770253	50.73764191	36309	412
4.2377689	50.73778613	36309	413
4.23776878	50.73790393	36309	414
4.2376584	50.73796177	36309	415
4.23752586	50.73795959	36309	416
4.23743529	50.73795134	36309	417
4.23725788	50.73798727	36309	418
4.23717673	50.73808215	36309	419
4.23733972	50.73863839	36309	420
4.23739161	50.73861074	36309	421
4.23718423	50.73868088	36309	422
4.23703637	50.73873509	36309	423
4.23690635	50.73881069	36309	424
4.2367615	50.73888138	36309	425
4.23666279	50.73896715	36309	426
4.23651222	50.73905671	36309	427
4.23633995	50.73914472	36309	428
4.23632041	50.73923659	36309	429
4.23642633	50.73929383	36309	430
4.23641485	50.7393224	36309	431
4.23632421	50.7394653	36309	432
4.23643825	50.7395448	36309	433
4.23658445	50.73960292	36309	434
4.2367368	50.73966017	36309	435
4.23684581	50.73971831	36309	436
4.23697919	50.7397817	36309	437
4.23712253	50.73984444	36309	438
4.23711673	50.73985136	36309	439
4.2372349	50.73991007	36309	440
4.23740422	50.7399714	36309	441
4.23755516	50.74003754	36309	442
4.23767934	50.74010762	36309	443
4.23783231	50.74017097	36309	444
4.23802964	50.74023133	36309	445
4.23816486	50.740313	36309	446
4.23821863	50.74042344	36309	447
4.23832929	50.74051175	36309	448
4.23845854	50.74058588	36309	449
4.23857517	50.74067802	36309	450
4.23868696	50.7407594	36309	451
4.23882843	50.74083089	36309	452
4.23895431	50.74092069	36309	453
4.23902668	50.74101531	36309	454
4.23912311	50.74112529	36309	455
4.23919946	50.74121849	36309	456
4.23928802	50.74132633	36309	457
4.23940981	50.74143006	36309	458
4.23955371	50.74152146	36309	459
4.23966014	50.74161252	36309	460
4.2397507	50.74170382	36309	461
4.23983708	50.74179691	36309	462
4.23988155	50.74184309	36309	463
4.23990515	50.74188617	36309	464
4.23999735	50.74200143	36309	465
4.24012081	50.74209156	36309	466
4.24022292	50.74217052	36309	467
4.24030981	50.74226579	36309	468
4.24037708	50.74236053	36309	469
4.24045199	50.74246967	36309	470
4.24052221	50.74257697	36309	471
4.24069404	50.74261875	36309	472
4.24074092	50.74251183	36309	473
4.24069931	50.7424036	36309	474
4.24081199	50.74234398	36309	475
4.24089968204498	50.7422983646393	36309	476
4.24098533	50.7422163	36309	477
4.24108763	50.74214453	36309	478
4.24117774	50.74206656	36309	479
4.24129329	50.74200868	36309	480
4.24139818	50.74194645	36309	481
4.24150405	50.74187243	36309	482
4.24160086	50.74180222	36309	483
4.24085891	50.7423218	36309	484
4.24164951	50.74175314	36309	485
4.24157172	50.74163973	36309	486
4.24144784	50.74157243	36309	487
4.24131207	50.74148329	36309	488
4.24122847	50.74140689	36309	489
4.24107481	50.74132225	36309	490
4.24093665	50.74123212	36309	491
4.24081771	50.74113652	36309	492
4.24072136	50.74101531	36309	493
4.24061835	50.74091952	36309	494
4.24052776	50.74082795	36309	495
4.24052953720093	50.7408285140991	36309	496
4.24053007	50.74082795	36309	497
4.24046417	50.74073112	36309	498
4.24045888	50.7406262	36309	499
4.24041784	50.7405119	36309	500
4.24049123	50.74045728	36309	501
4.2405448	50.74037016	36309	502
4.24055788	50.74028727	36309	503
4.24058429	50.74016517	36309	504
4.24059634	50.74005498	36309	505
4.24058466	50.73993201	36309	506
4.24062845	50.73983155	36309	507
4.24066062	50.73977379	36309	508
4.24071079	50.73967605	36309	509
4.24073107	50.73958471	36309	510
4.24073808	50.73946964	36309	511
4.24073942	50.73935739	36309	512
4.24081208	50.73920887	36309	513
4.24082924	50.73910724	36309	514
4.24085856	50.73899305	36309	515
4.2408858	50.73893262	36309	516
4.2409128	50.73883992	36309	517
4.24107799	50.73879125	36309	518
4.24127182	50.73881339	36309	519
4.24143841	50.73883384	36309	520
4.24158807	50.7388507	36309	521
4.24174581	50.73885058	36309	522
4.24189455	50.73873309	36309	523
4.24207403	50.73864927	36309	524
4.24227511	50.73859517	36309	525
4.24242835	50.73859782	36309	526
4.24250364303589	50.7385969161987	36309	527
4.24267985	50.73858127	36309	528
4.24280406	50.73850206	36309	529
4.24295564	50.73843258	36309	530
4.24297034740448	50.7384145259857	36309	531
4.24294018	50.73840882	36309	532
4.24301782	50.73828592	36309	533
4.24316583	50.73820194	36309	534
4.24324697	50.73811617	36309	535
4.24323826	50.73812438	36309	536
4.24338677	50.7380482	36309	537
4.24346073	50.73797203	36309	538
4.2435787	50.73787663	36309	539
4.24360857	50.73785637	36309	540
4.2436248	50.73783805	36309	541
4.2437102	50.73774586	36309	542
4.24387286	50.73778175	36309	543
4.24404151	50.73769414	36309	544
4.24408614635468	50.7376527786255	36309	545
4.24419117	50.73754949	36309	546
4.24429961	50.73745196	36309	547
4.24437228	50.7373727	36309	548
4.24445473	50.73728202	36309	549
4.2445501	50.73719291	36309	550
4.24464831	50.73710252	36309	551
4.24473115	50.73701166	36309	552
4.2448736	50.73703447	36309	553
4.2450377	50.73703639	36309	554
4.24517096	50.73699379	36309	555
4.24524791	50.73690588	36309	556
4.24522289	50.7368118	36309	557
4.24532051	50.73669583	36309	558
4.24537503	50.73655986	36309	559
4.24551305	50.73647509	36309	560
4.24556184	50.73646481	36309	561
4.24563789	50.73638821	36309	562
4.24568975	50.73637522	36309	563
4.2457115650177	50.7363599538803	36309	564
4.24589395523071	50.7362848520279	36309	565
4.24585537	50.73629776	36309	566
4.24600649	50.73618482	36309	567
4.24611535	50.73611235	36309	568
4.24618128	50.73604811	36309	569
4.24627073	50.73594457	36309	570
4.24636885	50.73584272	36309	571
4.24648882	50.7357557	36309	572
4.2466436	50.73568999	36309	573
4.24677748	50.73562286	36309	574
4.24691628	50.73555033	36309	575
4.24708798	50.73546511	36309	576
4.24709569	50.73537441	36309	577
4.2478286	50.7351145	37444	1
4.24763784	50.73499974	37444	2
4.2477822303772	50.7349115610123	37444	3
4.2477639	50.7349317	37444	4
4.2479533	50.73488004	37444	5
4.24810179	50.73485506	37444	6
4.24813069	50.7348466	37444	7
4.2481449	50.73477527	37444	8
4.24887175	50.7342567	37444	9
4.2488524	50.73427718	37444	10
4.24897847	50.73417527	37444	11
4.24908881	50.73408986	37444	12
4.24912333488464	50.7340586185455	37444	13
4.24918057	50.73402748	37444	14
4.24928909	50.73394336	37444	15
4.24943257	50.73385051	37444	16
4.2529159784317	50.733055472374	37444	17
4.25290109	50.73305484	37444	18
4.24953622	50.73377666	37444	19
4.25298074	50.73304247	37444	20
4.25314261	50.73303554	37444	21
4.25339033	50.7330126	37444	22
4.25342309	50.73300598	37444	23
4.25329963	50.73302963	37444	24
4.25428065	50.73322876	37444	25
4.25426689	50.73321309	37444	26
4.25434052	50.73334793	37444	27
4.25436477	50.73339786	37444	28
4.25439727	50.73344113	37444	29
4.25446516	50.73354501	37444	30
4.25451923	50.73366266	37444	31
4.2545751	50.7337872	37444	32
4.25463346	50.73391244	37444	33
4.25467884	50.73401616	37444	34
4.2547408	50.73413216	37444	35
4.25478266	50.73423774	37444	36
4.25482229	50.73433116	37444	37
4.25488102	50.73444048	37444	38
4.25492866	50.73455071	37444	39
4.25496489	50.73465638	37444	40
4.25499594	50.73475082	37444	41
4.25500968	50.73485961	37444	42
4.2548477	50.73492139	37444	43
4.2547015	50.73495463	37444	44
4.25453813	50.73500152	37444	45
4.25436104	50.73500325	37444	46
4.25428952	50.73488181	37444	47
4.25422357	50.73474424	37444	48
4.25414533	50.73464099	37444	49
4.25408086	50.73454983	37444	50
4.25404549	50.73443335	37444	51
4.25398254	50.73432557	37444	52
4.25391095	50.73421612	37444	53
4.25377568	50.73413253	37444	54
4.25310373306274	50.7346487045288	37444	55
4.25358579	50.73415865	37444	56
4.25306957	50.73461614	37444	57
4.25358579	50.73415865	37444	58
4.25320147	50.73471881	37444	59
4.25334127	50.73486685	37444	60
4.2533665895462	50.7349222898483	37444	61
4.25337371	50.73493123	37444	62
4.25350185	50.73505314	37444	63
4.25365503	50.73521081	37444	64
4.25374895	50.73530414	37444	65
4.25373763	50.73542018	37444	66
4.25363533	50.73548438	37444	67
4.25350636	50.73557947	37444	68
4.25340897	50.73565779	37444	69
4.25332131	50.73574311	37444	70
4.25337927	50.73583218	37444	71
4.25350733	50.73589814	37444	72
4.25345385	50.73605979	37444	73
4.253383	50.73615842	37444	74
4.25330882	50.7362357	37444	75
4.25327991	50.73633957	37444	76
4.25324296	50.73646097	37444	77
4.25313755	50.73654525	37444	78
4.25309198	50.73663723	37444	79
4.25301728	50.73674172	37444	80
4.25294764	50.7368896	37444	81
4.25288218	50.73699853	37444	82
4.25283923	50.73710101	37444	83
4.25276636	50.73718465	37444	84
4.25280994	50.73729736	37444	85
4.25300238	50.73734557	37444	86
4.25316172	50.73738501	37444	87
4.25332287	50.73742472	37444	88
4.25345774	50.73746209	37444	89
4.25363741	50.73751748	37444	90
4.25354639	50.73772288	37444	91
4.25354312	50.73770928	37444	92
4.25359457	50.73764027	37444	93
4.25349812	50.73781508	37444	94
4.25363259	50.73784834	37444	95
4.2537738	50.73788512	37444	96
4.25392215	50.7379151	37444	97
4.25407015	50.7379613	37444	98
4.25425045	50.73800831	37444	99
4.25445014	50.73803013	37444	100
4.25454908	50.73811218	37444	101
4.25456159	50.73824031	37444	102
4.25453486	50.73837314	37444	103
4.25453193	50.73838644	37444	104
4.25453019	50.73838198	37444	105
4.25448137	50.73850836	37444	106
4.25431878	50.73859761	37444	107
4.25429714	50.73863069	37444	108
4.25424315	50.73868268	37444	109
4.25415069	50.7387856	37444	110
4.25409509	50.73882648	37444	111
4.25403225	50.73887747	37444	112
4.25399992	50.73891289	37444	113
4.25390669	50.73898865	37444	114
4.25378321	50.73908911	37444	115
4.25371767	50.73920593	37444	116
4.25385575	50.73929924	37444	117
4.25399714	50.73937282	37444	118
4.25412895	50.73944507	37444	119
4.25397784	50.73947129	37444	120
4.25384809	50.73941217	37444	121
4.25376037	50.7393939	37444	122
4.25378468	50.73937408	37444	123
4.25313997	50.73903876	37444	124
4.25307238	50.73899919	37444	125
4.25295655	50.73895756	37444	126
4.25289988517761	50.7389241456985	37444	127
4.25273867	50.73893497	37444	128
4.25267129	50.73897741	37444	129
4.25252852	50.7389152	37444	130
4.25245168	50.73885965	37444	131
4.25231735	50.73877107	37444	132
4.2521721	50.73872015	37444	133
4.25204405	50.73865655	37444	134
4.25191283226013	50.7386022806168	37444	135
4.25196339	50.73861525	37444	136
4.25176114	50.73853141	37444	137
4.25162209	50.73847916	37444	138
4.25147294998169	50.7384252548218	37444	139
4.25149874	50.73843417	37444	140
4.25148482	50.73841744	37444	141
4.25135034	50.73835062	37444	142
4.2512066	50.73828705	37444	143
4.25104134	50.73828932	37444	144
4.25094577	50.73836643	37444	145
4.25090481	50.73845354	37444	146
4.25083688	50.73856281	37444	147
4.25077773	50.73867753	37444	148
4.25071014	50.73877942	37444	149
4.25063338	50.73890107	37444	150
4.2505764	50.73899186	37444	151
4.25051693	50.73909619	37444	152
4.25044749	50.7391872	37444	153
4.2503634	50.73931389	37444	154
4.25031498	50.73942747	37444	155
4.25019279	50.7396001	37444	156
4.25018548965454	50.7396161556244	37444	157
4.25009031	50.73964345	37444	158
4.25009035	50.73965881	37444	159
4.25005024	50.739692	37444	160
4.24999929	50.73980215	37444	161
4.25001382827759	50.7398360967636	37444	162
4.25000943	50.73985664	37444	163
4.2499694	50.73994066	37444	164
4.24989791	50.74004084	37444	165
4.24991189	50.74005019	37444	166
4.24941516	50.74028884	37444	167
4.24824419	50.73940573	37444	168
4.24944083	50.73780972	37444	169
4.24900213	50.73800967	37444	170
4.24820065498352	50.7376635074615	37444	171
4.24982857	50.74013647	37444	172
4.24823106	50.73766859	37444	173
4.2481054	50.7375925	37444	174
4.24796377	50.73756901	37444	175
4.24796998500824	50.7376259565353	37444	176
4.24803972	50.73770306	37444	177
4.24795518	50.73758234	37444	178
4.24795518	50.73758234	37444	179
4.24822955	50.73776195	37444	180
4.24838947	50.73782113	37444	181
4.24851232	50.73788928	37444	182
4.24864783	50.73797687	37444	183
4.24876773	50.73805633	37444	184
4.24879947	50.73815552	37444	185
4.24866199	50.7382048	37444	186
4.24858942	50.73824914	37444	187
4.2484229	50.7383406	37444	188
4.24838840961456	50.7383555173874	37444	189
4.24837351	50.73838037	37444	190
4.24820203	50.73843927	37444	191
4.24804627	50.73851564	37444	192
4.24792637	50.73856945	37444	193
4.24779562	50.73863351	37444	194
4.24768985	50.73867639	37444	195
4.24764912	50.73870122	37444	196
4.24760481	50.73872515	37444	197
4.24744641	50.73879268	37444	198
4.24725681	50.73880559	37444	199
4.2471136	50.73879409	37444	200
4.24697305	50.7387742	37444	201
4.24679375	50.73874234	37444	202
4.24661583	50.73870285	37444	203
4.24654288	50.73869041	37444	204
4.24648172	50.73869099	37444	205
4.24628268	50.73865025	37444	206
4.24615916	50.73871369	37444	207
4.24615851	50.73881836	37444	208
4.24625058	50.73889941	37444	209
4.24633168	50.73897839	37444	210
4.2464134	50.73907797	37444	211
4.24650431	50.73916013	37444	212
4.24658806	50.73924288	37444	213
4.24668248	50.73933373	37444	214
4.24673089	50.73943242	37444	215
4.24677932	50.73951757	37444	216
4.2467734	50.73951986	37444	217
4.24709162	50.73961875	37444	218
4.24702967	50.7395538	37444	219
4.24718045	50.73973005	37444	220
4.24724291	50.73989065	37444	221
4.24728751	50.73997908	37444	222
4.24737894	50.74006894	37444	223
4.24750008	50.74016742	37444	224
4.24762888	50.74026801	37444	225
4.24770031	50.74037596	37444	226
4.24783352	50.74048828	37444	227
4.2479259	50.74059414	37444	228
4.24805865	50.7407042	37444	229
4.24812952	50.74078628	37444	230
4.24822144	50.74089715	37444	231
4.24834613	50.74100834	37444	232
4.24844748	50.74110706	37444	233
4.24856845	50.74116952	37444	234
4.24867613	50.74127414	37444	235
4.2487492	50.74138221	37444	236
4.24892635	50.74132216	37444	237
4.24905113	50.7412688	37444	238
4.24917152	50.74120982	37444	239
4.24925377	50.74112554	37444	240
4.24929876	50.74102124	37444	241
4.24938082	50.740934	37444	242
4.24948628	50.74084228	37444	243
4.24963266	50.74080896	37444	244
4.24977028	50.74077071	37444	245
4.24989766	50.74068259	37444	246
4.24996435	50.74056224	37444	247
4.25015237	50.74051384	37444	248
4.25125353	50.74008335	37444	249
4.25018797	50.74049593	37444	250
4.25122406	50.74008829	37444	251
4.25125683	50.74008411	37444	252
4.25130221	50.74006354	37444	253
4.2514285	50.73999161	37444	254
4.25158972	50.73990205	37444	255
4.25170999	50.73981107	37444	256
4.2518346	50.73972299	37444	257
4.25190125	50.73964293	37444	258
4.25201125	50.73955595	37444	259
4.25209834	50.73947154	37444	260
4.25222852	50.73935762	37444	261
4.25233937	50.7392596	37444	262
4.25241314	50.73916661	37444	263
4.25253007	50.73905771	37444	264
4.25258869	50.7390261	37444	265
4.25258658	50.73902708	37444	266
4.25260901	50.73901615	37444	267
4.25262629985809	50.7389938831329	37444	268
4.25250877	50.73891999	37444	269
4.25249755382538	50.7389080524445	37444	270
4.25247361	50.73889592	37444	271
4.25239157	50.73883614	37444	272
4.25226035	50.73876157	37444	273
4.2520623	50.73866298	37444	274
4.25191992	50.73859146	37444	275
4.25176343	50.7385136	37444	276
4.2516537	50.73843537	37444	277
4.25141766	50.73833273	37444	278
4.25126365	50.73826659	37444	279
4.2510793	50.73813785	37444	280
4.25099031	50.73804125	37444	281
4.25103795	50.73793012	37444	282
4.25111757	50.73781577	37444	283
4.25118163	50.73770266	37444	284
4.25127345	50.73759271	37444	285
4.2513026	50.73748259	37444	286
4.25134707	50.73738314	37444	287
4.25138713	50.73727885	37444	288
4.25131533	50.73717249	37444	289
4.2511777	50.7371253	37444	290
4.25101708	50.73707474	37444	291
4.25088419	50.73703209	37444	292
4.25071484	50.73699724	37444	293
4.25055952	50.73695387	37444	294
4.25038952	50.73690792	37444	295
4.25020827	50.73684702	37444	296
4.25005405	50.73678958	37444	297
4.24987838	50.73673621	37444	298
4.24971903	50.73671441	37444	299
4.24951521	50.73671855	37444	300
4.24939104	50.73680145	37444	301
4.24923926	50.73687472	37444	302
4.24910501	50.73695661	37444	303
4.24897701	50.73702759	37444	304
4.24878984	50.73706477	37444	305
4.24893783	50.73694984	37444	306
4.24909257	50.73687426	37444	307
4.24905446	50.73676855	37444	308
4.2476268	50.73504666	37444	309
4.24898386001587	50.7367086410522	37444	310
4.24757577	50.73506252	37444	311
4.2477531	50.7350969	38379	1
4.24761647	50.73498212	38379	2
4.24768915	50.7350246	38379	3
4.24783051013947	50.7349330186844	38379	4
4.24778297	50.73495018	38379	5
4.24786779	50.7349039	38379	6
4.2478734254837	50.7348954677582	38379	7
4.24782844	50.73487679	38379	8
4.24775465	50.73474488	38379	9
4.24760482	50.73460424	38379	10
4.24749437	50.73451941	38379	11
4.24736623	50.73441468	38379	12
4.24733789	50.73439746	38379	13
4.24723505973816	50.7343322038651	38379	14
4.24714166	50.7342423	38379	15
4.2470247	50.73415549	38379	16
4.24689419	50.734057	38379	17
4.24677243	50.73396636	38379	18
4.24666129	50.73387493	38379	19
4.2465263	50.73376232	38379	20
4.246421	50.73368394	38379	21
4.2463173	50.73360803	38379	22
4.24625316	50.73358049	38379	23
4.24607	50.73361181	38379	24
4.24591391	50.733703	38379	25
4.24575031	50.7337723	38379	26
4.24559919	50.73389028	38379	27
4.24541147	50.7339295	38379	28
4.24527482	50.73402584	38379	29
4.24513995	50.73411931	38379	30
4.24501316	50.7341713	38379	31
4.2448111	50.73423036	38379	32
4.24466634	50.73410874	38379	33
4.24455427	50.73400718	38379	34
4.24443915	50.73389226	38379	35
4.2443562	50.73381865	38379	36
4.24430703	50.7337193	38379	37
4.24420329	50.73363055	38379	38
4.24409992	50.73356547	38379	39
4.2443562	50.73381865	38379	40
4.24404001	50.73349279	38379	41
4.24401637	50.73347612	38379	42
4.24390288	50.73341628	38379	43
4.24385279	50.73331193	38379	44
4.24381724	50.73321546	38379	45
4.24378568	50.73317146	38379	46
4.24371875	50.73309088	38379	47
4.24364175	50.732967	38379	48
4.24361112	50.73289252	38379	49
4.24358663	50.73285848	38379	50
4.24352152	50.73276036	38379	51
4.24353833	50.7326457	38379	52
4.24367842	50.73255916	38379	53
4.24381681	50.73247105	38379	54
4.24396604	50.73238073	38379	55
4.24408639	50.7322839	38379	56
4.24421875	50.73220154	38379	57
4.24424184	50.73209627	38379	58
4.24416792	50.73199838	38379	59
4.24408298	50.73189026	38379	60
4.24396437	50.7317849	38379	61
4.24385865	50.73166342	38379	62
4.24372514	50.73158703	38379	63
4.24361576	50.73150092	38379	64
4.24348926	50.73141312	38379	65
4.24336226	50.73132521	38379	66
4.24331044	50.73121695	38379	67
4.24384584	50.73093391	38379	68
4.24337081	50.73180884	38379	69
4.24342516	50.73175885	38379	70
4.24340757	50.73177743	38379	71
4.24339907	50.73116304	38379	72
4.24319736	50.73189933	38379	73
4.24312807	50.73193943	38379	74
4.24306436	50.73194358	38379	75
4.24287242	50.73206132	38379	76
4.24283088	50.73207231	38379	77
4.2427285	50.73210185	38379	78
4.24251347	50.73218215	38379	79
4.24241958	50.73231166	38379	80
4.24221947	50.73233232	38379	81
4.24205422	50.73236372	38379	82
4.24185322	50.73239369	38379	83
4.24165993	50.73239579	38379	84
4.24145061	50.73239909	38379	85
4.24126156	50.73238132	38379	86
4.24111531	50.73226294	38379	87
4.2411248	50.73214256	38379	88
4.24123402	50.73202902	38379	89
4.24131964	50.73200576	38379	90
4.24154104	50.73185579	38379	91
4.24149659	50.73191661	38379	92
4.24164812	50.73177601	38379	93
4.24185276	50.73175115	38379	94
4.24208045	50.73170932	38379	95
4.24226389	50.73165129	38379	96
4.24244876	50.73158567	38379	97
4.24260309	50.73147872	38379	98
4.24268228	50.73138361	38379	99
4.24270932	50.7312926	38379	100
4.24288173	50.73121194	38379	101
4.2429798	50.73114525	38379	102
4.24309106	50.73108664	38379	103
4.24302146	50.73096816	38379	104
4.24293446	50.73086941	38379	105
4.24292799	50.73077018	38379	106
4.24277862	50.73069757	38379	107
4.2426346	50.73060096	38379	108
4.24249854	50.73051369	38379	109
4.24231938	50.73036762	38379	110
4.24215301	50.73030022	38379	111
4.24202301	50.73021814	38379	112
4.24177223	50.73012259	38379	113
4.24155394	50.72999922	38379	114
4.24142281	50.72992128	38379	115
4.24123746	50.72990531	38379	116
4.24095136	50.729964	38379	117
4.24087618	50.73007285	38379	118
4.24077433	50.73014961	38379	119
4.24068937	50.73023343	38379	120
4.24062573	50.7303154	38379	121
4.24062974	50.73037968	38379	122
4.24055188	50.73046817	38379	123
4.24054756	50.73047127	38379	124
4.24044543	50.73056972	38379	125
4.24039004	50.73065342	38379	126
4.24038817	50.73065902	38379	127
4.2403176	50.73075991	38379	128
4.2401349	50.73079766	38379	129
4.23997033	50.73067848	38379	130
4.23976499	50.73065511	38379	131
4.2396176	50.73055781	38379	132
4.23945009	50.7305089	38379	133
4.23927989	50.73043768	38379	134
4.23911747	50.73036741	38379	135
4.23895855	50.7302908	38379	136
4.23881436	50.73022351	38379	137
4.23865422	50.73015166	38379	138
4.23847787	50.73011937	38379	139
4.23830746	50.73012883	38379	140
4.23815143	50.7301551	38379	141
4.23795961	50.73018212	38379	142
4.23785424	50.7302643	38379	143
4.23771838	50.73035091	38379	144
4.23758932	50.73044546	38379	145
4.23745334	50.7305344	38379	146
4.23734845	50.73062697	38379	147
4.23733159	50.73065572	38379	148
4.23737142	50.73071668	38379	149
4.23742466	50.73082214	38379	150
4.23757178	50.73089508	38379	151
4.23775239	50.73100103	38379	152
4.23786871	50.73110491	38379	153
4.2379966	50.73120915	38379	154
4.23809884	50.73133126	38379	155
4.23821844	50.731441	38379	156
4.23838881	50.73143628	38379	157
4.23854667	50.73136002	38379	158
4.238694	50.73129667	38379	159
4.23884743	50.73123317	38379	160
4.23888436	50.73110034	38379	161
4.23893431	50.73121	38379	162
4.23883584	50.73130826	38379	163
4.23868656	50.73136987	38379	164
4.23851161	50.73144484	38379	165
4.23837439	50.73152444	38379	166
4.23839453	50.73162235	38379	167
4.23849568	50.73170089	38379	168
4.23861252	50.73176728	38379	169
4.23876221	50.73187768	38379	170
4.23886489	50.73196235	38379	171
4.23895239830017	50.7320201396942	38379	172
4.23902522	50.73206212	38379	173
4.23914432	50.73217744	38379	174
4.23914432	50.73217744	38379	175
4.23922076	50.73225479	38379	176
4.23932233	50.73232545	38379	177
4.23943083	50.73238678	38379	178
4.23952101	50.73246346	38379	179
4.23963808	50.73252344	38379	180
4.23971369	50.73260331	38379	181
4.23986293	50.73268245	38379	182
4.24000442	50.73265452	38379	183
4.24014202	50.73261654	38379	184
4.24028458	50.73252492	38379	185
4.2405133	50.73249615	38379	186
4.24067765	50.73241644	38379	187
4.24076041	50.7323803	38379	188
4.2408501	50.73231633	38379	189
4.24091656	50.73229237	38379	190
4.24329221248627	50.7326853275299	38379	191
4.24330761	50.73267871	38379	192
4.24090556	50.73231273	38379	193
4.24314753	50.73273819	38379	194
4.24298013	50.73278963	38379	195
4.24282103	50.7328991	38379	196
4.2426502	50.73294608	38379	197
4.24246116	50.73304277	38379	198
4.24230204	50.73311115	38379	199
4.24211328	50.73318194	38379	200
4.24196629	50.73323462	38379	201
4.24187281	50.73326042	38379	202
4.24179731	50.7332627	38379	203
4.24158756	50.73332425	38379	204
4.24144278	50.73342996	38379	205
4.24130555	50.73348609	38379	206
4.2411442	50.7335377	38379	207
4.2412061	50.73362422	38379	208
4.24135904	50.73366295	38379	209
4.24147458	50.73377106	38379	210
4.24157955	50.7338338	38379	211
4.24163685	50.73385562	38379	212
4.24172961	50.73390167	38379	213
4.24216148	50.73416447	38379	214
4.24226414	50.7343052	38379	215
4.24225529	50.73436331	38379	216
4.24229994	50.73441869	38379	217
4.24234143	50.73445022	38379	218
4.24238776	50.73448946	38379	219
4.24252312	50.73457762	38379	220
4.24266132	50.73465528	38379	221
4.24280255	50.73473746	38379	222
4.24290247	50.73483242	38379	223
4.24307833	50.73482476	38379	224
4.24325587	50.73471617	38379	225
4.24346442	50.73465391	38379	226
4.24337392	50.73477768	38379	227
4.24321663	50.73483651	38379	228
4.24305982	50.7349096	38379	229
4.24298443	50.73494076	38379	230
4.24414174	50.73565526	38379	231
4.2441353	50.7356741	38379	232
4.24413979053497	50.7356357574463	38379	233
4.24423113	50.73552857	38379	234
4.24432926	50.73542276	38379	235
4.24445368	50.73535767	38379	236
4.24448484	50.73533199	38379	237
4.24449584	50.73532262	38379	238
4.24445368	50.73535767	38379	239
4.24458544	50.73524298	38379	240
4.24469442	50.73514116	38379	241
4.24479669	50.73502982	38379	242
4.24487156	50.734929	38379	243
4.24494518	50.73483271	38379	244
4.24501191	50.73472897	38379	245
4.24506904	50.73459753	38379	246
4.24511778	50.73450144	38379	247
4.24506485	50.73437993	38379	248
4.24494654	50.73428955	38379	249
4.24483961	50.73417346	38379	250
4.2450046	50.73411088	38379	251
4.24518477	50.73404079	38379	252
4.24532625	50.73396487	38379	253
4.24547172	50.73388879	38379	254
4.24562282	50.73381825	38379	255
4.24578686	50.73373663	38379	256
4.24594114	50.73363582	38379	257
4.24607613	50.73355938	38379	258
4.24626678	50.73352103	38379	259
4.24644783	50.73347807	38379	260
4.24660635	50.73346372	38379	261
4.24657152	50.73346918	38379	262
4.2465715	50.73346926	38379	263
4.24661974	50.7334563	38379	264
4.2468439	50.73344963	38379	265
4.24705397	50.7334405	38379	266
4.2472052	50.73341579	38379	267
4.24738556	50.73338895	38379	268
4.24758266	50.73338144	38379	269
4.24779853	50.7333645	38379	270
4.24798423	50.73335079	38379	271
4.24795082	50.73334334	38379	272
4.24815924	50.7333321	38379	273
4.24833324	50.7332895	38379	274
4.24853638	50.73325035	38379	275
4.248768	50.7332411	38379	276
4.2489527	50.73323565	38379	277
4.24913367	50.73325102	38379	278
4.24930171	50.73320702	38379	279
4.24950813	50.73317575	38379	280
4.24971787	50.73316259	38379	281
4.24991693	50.73314807	38379	282
4.25013324	50.73314602	38379	283
4.25030413	50.73318216	38379	284
4.25044876	50.73311984	38379	285
4.25063224	50.73302867	38379	286
4.25078657	50.73293202	38379	287
4.25091942	50.73285874	38379	288
4.25104303	50.73278744	38379	289
4.25119686	50.73270522	38379	290
4.25149447	50.7324963	38379	291
4.25165064	50.73242702	38379	292
4.25177684	50.73233271	38379	293
4.25194731	50.73224653	38379	294
4.25210296	50.73216947	38379	295
4.25221359	50.73208011	38379	296
4.25226618	50.73205888	38379	297
4.25237197	50.73200143	38379	298
4.25238808	50.73199364	38379	299
4.25248938	50.73192345	38379	300
4.25266956	50.731848	38379	301
4.25274477	50.73182729	38379	302
4.25284375	50.73177376	38379	303
4.25295547	50.73170543	38379	304
4.25309285	50.73161246	38379	305
4.2532295	50.73153392	38379	306
4.25332903862	50.7314997911453	38379	307
4.25341486930847	50.7314676046371	38379	308
4.25351725	50.73139575	38379	309
4.25366587	50.73129472	38379	310
4.25374746322632	50.7312315702438	38379	311
4.25390327	50.73120769	38379	312
4.25387603	50.73133186	38379	313
4.25381464	50.73147025	38379	314
4.25377805	50.73160393	38379	315
4.25377028	50.73170284	38379	316
4.25369622	50.7317921	38379	317
4.25367308	50.7319046	38379	318
4.25363922	50.73195196	38379	319
4.25363922	50.73195196	38379	320
4.25364017486572	50.73197722435	38379	321
4.25364017486572	50.73197722435	38379	322
4.25364017486572	50.7320147752762	38379	323
4.25353219	50.7323047	38379	324
4.25364017486572	50.7320147752762	38379	325
4.2535206	50.73225706	38379	326
4.25351679325104	50.7322722673416	38379	327
4.25345394	50.73243592	38379	328
4.25343355	50.7325561	38379	329
4.25340943	50.7326727	38379	330
4.25336823	50.73278653	38379	331
4.2533203	50.73289306	38379	332
4.25328448	50.73300133	38379	333
4.25345129	50.73303491	38379	334
4.253626	50.73304002	38379	335
4.25383312	50.73305915	38379	336
4.25398721	50.73303483	38379	337
4.25420171	50.73300283	38379	338
4.254307	50.73311635	38379	339
4.25433603	50.73316285	38379	340
4.25436357	50.73332314	38379	341
4.25443462	50.73347978	38379	342
4.25448364	50.73365094	38379	343
4.25458485	50.73380245	38379	344
4.25461939	50.73389583	38379	345
4.25468206	50.73401557	38379	346
4.2547345161438	50.7340800762177	38379	347
4.25480166	50.73419241	38379	348
4.2548481	50.73434053	38379	349
4.254922	50.73445119	38379	350
4.25499159	50.73455765	38379	351
4.25505126	50.73468042	38379	352
4.25506558	50.7348325	38379	353
4.25495208	50.73489796	38379	354
4.25481014	50.73490494	38379	355
4.25465058	50.73495907	38379	356
4.25447059	50.73497952	38379	357
4.2544554	50.73498686	38379	358
4.25428851	50.73506653	38379	359
4.25425254	50.73510226	38379	360
4.25416466	50.73515558	38379	361
4.25404601	50.73524975	38379	362
4.25391508	50.73534336	38379	363
4.25373315	50.73541465	38379	364
4.25364157	50.73552228	38379	365
4.25352746	50.73558303	38379	366
4.25348236	50.73561735	38379	367
4.2533278	50.7357251	38379	368
4.25320463	50.73583565	38379	369
4.25310389	50.73593117	38379	370
4.25294554	50.73603227	38379	371
4.25280029	50.73609344	38379	372
4.25264909	50.73610332	38379	373
4.25261771	50.73609123	38379	374
4.25247073	50.73601248	38379	375
4.25231648	50.73590678	38379	376
4.25218962	50.73582955	38379	377
4.2520465	50.73577478	38379	378
4.2518877	50.73571762	38379	379
4.25173505	50.73566073	38379	380
4.25157385	50.73557645	38379	381
4.25142959	50.73547426	38379	382
4.2513048	50.73539018	38379	383
4.25115582	50.73532756	38379	384
4.25112541	50.73531189	38379	385
4.25098283	50.73525427	38379	386
4.2509512	50.73524498	38379	387
4.25084347	50.73518967	38379	388
4.25064025	50.73517511	38379	389
4.24960182	50.73485858	38379	390
4.24952724	50.73482557	38379	391
4.24951354	50.73481731	38379	392
4.24942910671234	50.7347559928894	38379	393
4.24942910671234	50.7347559928894	38379	394
4.24923836	50.7346786	38379	395
4.24910851	50.73462661	38379	396
4.24907505512238	50.7346379756927	38379	397
4.24890207	50.73446298	38379	398
4.24885511398315	50.7344502210617	38379	399
4.24888730049133	50.7344609498978	38379	400
4.24890207	50.73446298	38379	401
4.24881794	50.73438882	38379	402
4.24860472	50.73445444	38379	403
4.24849964	50.73454854	38379	404
4.24839232	50.73462963	38379	405
4.24822356	50.73470677	38379	406
4.24817219	50.73475178	38379	407
4.24814196	50.73480068	38379	408
4.24823143	50.73486818	38379	409
4.2482841	50.73488894	38379	410
4.24837205	50.73493662	38379	411
4.24842804	50.73497731	38379	412
4.24856174	50.73504915	38379	413
4.24870476	50.73512342	38379	414
4.24884513	50.7352246	38379	415
4.24896876	50.73532782	38379	416
4.24907649	50.735409	38379	417
4.24914106	50.73543984	38379	418
4.24923624	50.73548812	38379	419
4.24937944	50.73560263	38379	420
4.24950001	50.73568854	38379	421
4.24965206	50.73573999	38379	422
4.24978448	50.73582887	38379	423
4.24990751	50.73592774	38379	424
4.25003524	50.73600347	38379	425
4.25001072	50.73614045	38379	426
4.25007597	50.73622802	38379	427
4.24998813	50.73630539	38379	428
4.24984872	50.73638742	38379	429
4.24972674	50.73645418	38379	430
4.24961171	50.7365447	38379	431
4.24951486	50.73663881	38379	432
4.24937094	50.73672546	38379	433
4.24916861	50.73675146	38379	434
4.24900135	50.73676876	38379	435
4.24897626	50.7367633	38379	436
4.24887605	50.73669108	38379	437
4.2488522	50.73667354	38379	438
4.2487315	50.7366074	38379	439
4.24858227	50.73650765	38379	440
4.24843896	50.73647173	38379	441
4.24840685	50.73649114	38379	442
4.24833056	50.73655757	38379	443
4.24817028	50.73665984	38379	444
4.24806179	50.73677548	38379	445
4.24793833	50.73688442	38379	446
4.24775172	50.73697242	38379	447
4.24763094	50.73708164	38379	448
4.24751854	50.73718595	38379	449
4.24747431	50.73728593	38379	450
4.2473907	50.73736166	38379	451
4.24722481	50.73739442	38379	452
4.24709858	50.73727121	38379	453
4.24719832	50.73717418	38379	454
4.24736417	50.73713691	38379	455
4.24748641	50.7370347	38379	456
4.24759539	50.73694826	38379	457
4.24776942	50.7368552	38379	458
4.2479132	50.73676726	38379	459
4.24801853	50.73669348	38379	460
4.24810499	50.73661665	38379	461
4.24827351	50.73651789	38379	462
4.24833844	50.73643616	38379	463
4.24835053	50.7364026	38379	464
4.24823378	50.73628527	38379	465
4.2481125	50.73622149	38379	466
4.24798035	50.73617014	38379	467
4.24786094	50.73608633	38379	468
4.24771883	50.73599377	38379	469
4.24759006	50.7359077	38379	470
4.24745427	50.73586596	38379	471
4.24744075	50.73585644	38379	472
4.24729617	50.73577216	38379	473
4.24722014	50.73563661	38379	474
4.24712928	50.73550741	38379	475
4.24717722	50.73541052	38379	476
4.24732363	50.73533086	38379	477
4.24749789	50.73521836	38379	478
4.24763288	50.73514166	38379	479
4.2475327	50.7350846	41444	1
4.24772106	50.73509501	41444	2
4.24783456	50.73498292	41444	3
4.24799668	50.7348992	41444	4
4.24813255	50.73483245	41444	5
4.24819453	50.73471476	41444	6
4.24832612	50.73462274	41444	7
4.24841068	50.73456734	41444	8
4.2484465	50.73454595	41444	9
4.24856137	50.73446344	41444	10
4.24863565	50.73441649	41444	11
4.24863517284393	50.7344180345535	41444	12
4.24863517284393	50.7344180345535	41444	13
4.24883882	50.73439236	41444	14
4.24896406	50.73445308	41444	15
4.25025942	50.7350971	41444	16
4.25142345	50.73521846	41444	17
4.2544888	50.73498313	41444	18
4.2544888	50.73498313	41444	19
4.2544888	50.73498313	41444	20
4.25467139	50.73497788	41444	21
4.25485051	50.73494577	41444	22
4.25499616	50.73490854	41444	23
4.25520759	50.73493648	41444	24
4.25525145	50.73502521	41444	25
4.25531405	50.73513778	41444	26
4.25531828	50.73524259	41444	27
4.25549306	50.73536576	41444	28
4.25565494	50.73539191	41444	29
4.25583632	50.73536513	41444	30
4.25610476	50.73531407	41444	31
4.25627186	50.73528551	41444	32
4.25644488	50.73526274	41444	33
4.25668894	50.73526823	41444	34
4.25685331	50.73523035	41444	35
4.25691438	50.7351189	41444	36
4.25696477	50.73500184	41444	37
4.25702437	50.73490859	41444	38
4.25704556	50.7348581	41444	39
4.25712839	50.73475632	41444	40
4.25721976	50.73466056	41444	41
4.25735616	50.73456783	41444	42
4.25748492	50.73447947	41444	43
4.25762027	50.73437041	41444	44
4.25766131	50.73425527	41444	45
4.25777686	50.73412469	41444	46
4.25780201	50.73400915	41444	47
4.25778774	50.73387966	41444	48
4.25778774	50.73387966	41444	49
4.25759288	50.73387023	41444	50
4.25740207	50.7338819	41444	51
4.25718148	50.73386106	41444	52
4.25695958	50.73383729	41444	53
4.25677247	50.7338302	41444	54
4.25658348	50.73381651	41444	55
4.25644668	50.73376786	41444	56
4.2562847	50.73374046	41444	57
4.2561002	50.73369627	41444	58
4.25595624	50.73365205	41444	59
4.25577113	50.73357723	41444	60
4.2555861	50.73350944	41444	61
4.25537694	50.73344332	41444	62
4.25516845	50.73339572	41444	63
4.25498168	50.73337101	41444	64
4.25474575	50.73329791	41444	65
4.25483058	50.73331478	41444	66
4.25483058	50.73331478	41444	67
4.25459005	50.73324939	41444	68
4.25454342	50.73322825	41444	69
4.2544047	50.73318077	41444	70
4.2542301	50.73311776	41444	71
4.25403096	50.73309698	41444	72
4.25395176	50.73308559	41444	73
4.25383444	50.73307931	41444	74
4.2536262	50.73301832	41444	75
4.25341482	50.73305459	41444	76
4.25319377	50.73302201	41444	77
4.25300881	50.73302623	41444	78
4.25283015	50.7330347	41444	79
4.25264073	50.7330418	41444	80
4.2527174949646	50.7330393791199	41444	81
4.25241512	50.73304921	41444	82
4.25225225	50.73307732	41444	83
4.25204512	50.73304974	41444	84
4.25185242	50.73304689	41444	85
4.25166484	50.73305769	41444	86
4.25147111	50.73305899	41444	87
4.25126185	50.73304659	41444	88
4.25103469	50.73305484	41444	89
4.2508479	50.73309604	41444	90
4.25067246	50.73310269	41444	91
4.25050859	50.73315147	41444	92
4.25036918	50.73324795	41444	93
4.25024058	50.73333965	41444	94
4.25013607	50.73343404	41444	95
4.250007	50.73352184	41444	96
4.24986336	50.73362809	41444	97
4.24975178	50.73371395	41444	98
4.24962319	50.73379523	41444	99
4.24950125	50.73389709	41444	100
4.24933869	50.73398715	41444	101
4.24920837	50.73407708	41444	102
4.2490895	50.73417425	41444	103
4.2489953	50.73424415	41444	104
4.24882334	50.73433243	41444	105
4.24871295	50.73441818	41444	106
4.24858669	50.73450149	41444	107
4.2484297	50.73462106	41444	108
4.24841873	50.73462873	41444	109
4.24827474	50.73469612	41444	110
4.24813666	50.73477766	41444	111
4.24818481	50.73487187	41444	112
4.24834539	50.73494653	41444	113
4.24847308	50.73502173	41444	114
4.2486122	50.73510407	41444	115
4.24874946	50.73517194	41444	116
4.24887706	50.73524531	41444	117
4.24899816	50.73534672	41444	118
4.2490502	50.73537906	41444	119
4.2491284	50.73542336	41444	120
4.24925276	50.73552238	41444	121
4.24942453	50.73561603	41444	122
4.24956888	50.73567176	41444	123
4.24970579	50.73573785	41444	124
4.24985507	50.73583173	41444	125
4.24998512	50.73590225	41444	126
4.25008645	50.73598871	41444	127
4.2502499	50.73605921	41444	128
4.2502499	50.73605921	41444	129
4.25038676	50.73597903	41444	130
4.25055974	50.73594267	41444	131
4.25076338	50.73593686	41444	132
4.25096345	50.73597623	41444	133
4.25112379	50.73604099	41444	134
4.25128875	50.73611271	41444	135
4.25142253	50.73619989	41444	136
4.25156191	50.73630526	41444	137
4.25171644	50.736363	41444	138
4.25184319	50.73642243	41444	139
4.25197981	50.73650583	41444	140
4.25211143	50.73657646	41444	141
4.25227397	50.73665626	41444	142
4.25237432	50.7367618	41444	143
4.2523688	50.73687854	41444	144
4.2522787	50.73700656	41444	145
4.25225887	50.73712096	41444	146
4.25225763	50.7372419	41444	147
4.25207495	50.73729173	41444	148
4.25188594	50.73729641	41444	149
4.25168899	50.7372675	41444	150
4.25155487	50.73735191	41444	151
4.25150693	50.73746364	41444	152
4.25142552	50.73756469	41444	153
4.25133731	50.7376791	41444	154
4.25127891	50.73780609	41444	155
4.25124228	50.73792023	41444	156
4.25121108	50.73795644	41444	157
4.25118248	50.73803473	41444	158
4.25115299	50.73815605	41444	159
4.25129709	50.73823142	41444	160
4.25145403	50.73830808	41444	161
4.25159147	50.73838086	41444	162
4.25172921	50.73845477	41444	163
4.25186669	50.73853637	41444	164
4.25202564	50.73862609	41444	165
4.25218161	50.73870822	41444	166
4.25231521	50.73878883	41444	167
4.2523838	50.73881808	41444	168
4.25243626	50.73886049	41444	169
4.25257715	50.73891791	41444	170
4.25269945	50.73885527	41444	171
4.25280646	50.73875175	41444	172
4.25287795	50.73863874	41444	173
4.25298925	50.73853916	41444	174
4.25306	50.73844137	41444	175
4.25312494	50.73833373	41444	176
4.25322124	50.7382273	41444	177
4.25324542	50.73812745	41444	178
4.25330633	50.73801584	41444	179
4.25334348	50.73790417	41444	180
4.25337524	50.73778311	41444	181
4.25343408	50.73770541	41444	182
4.25343408	50.73770541	41444	183
4.25354828	50.73738545	41444	184
4.2536929	50.73724334	41444	185
4.25377052	50.73712757	41444	186
4.25378447	50.7370961	41444	187
4.25385385	50.73698741	41444	188
4.25387078	50.73695333	41444	189
4.25394955	50.73682324	41444	190
4.25401672	50.73672525	41444	191
4.25410183	50.73659838	41444	192
4.25419941	50.73648797	41444	193
4.25432862	50.73640632	41444	194
4.2544725	50.73633658	41444	195
4.25459784	50.73625876	41444	196
4.25472021	50.73615255	41444	197
4.25482562	50.73604643	41444	198
4.25490866	50.73594838	41444	199
4.25503755	50.73584666	41444	200
4.255112	50.73575842	41444	201
4.2552298	50.73566056	41444	202
4.25524046	50.73565102	41444	203
4.25538781	50.73557421	41444	204
4.25548459	50.73555853	41444	205
4.2555432	50.73552054	41444	206
4.25571275	50.73547075	41444	207
4.25583564	50.73543478	41444	208
4.25589723	50.73542249	41444	209
4.25601604	50.73539307	41444	210
4.25606985	50.73539452	41444	211
4.25628016	50.73538345	41444	212
4.25644675	50.73537374	41444	213
4.25664005	50.73536838	41444	214
4.25686931	50.73541223	41444	215
4.25702692	50.73545827	41444	216
4.25718168	50.73550509	41444	217
4.25734664	50.73556001	41444	218
4.2575519	50.73555948	41444	219
4.25774446	50.7355683	41444	220
4.25792847	50.73554665	41444	221
4.25807491	50.73555018	41444	222
4.25827601	50.73555032	41444	223
4.25843562	50.73556207	41444	224
4.25859299	50.73555849	41444	225
4.25859299	50.73555849	41444	226
4.25877146	50.73556046	41444	227
4.25881131	50.73556222	41444	228
4.25900202	50.73559826	41444	229
4.25916939	50.73557294	41444	230
4.25919203	50.73557274	41444	231
4.25938286	50.7355492	41444	232
4.25956054	50.73551266	41444	233
4.25977332	50.73549994	41444	234
4.25996051	50.73548836	41444	235
4.26016506	50.73542046	41444	236
4.26033914	50.73536308	41444	237
4.2604669	50.7353021	41444	238
4.26062446	50.73523039	41444	239
4.26074738	50.73515065	41444	240
4.2609191	50.73516509	41444	241
4.26079988	50.73718171	41444	242
4.26067761	50.73728111	41444	243
4.26051678	50.73733224	41444	244
4.26028851	50.73736336	41444	245
4.26014462	50.7373545	41444	246
4.25996824	50.73736556	41444	247
4.25983967	50.73744828	41444	248
4.259651	50.7375295	41444	249
4.25950287	50.73760737	41444	250
4.25937818	50.73765877	41444	251
4.25925694	50.73777027	41444	252
4.25907057	50.73784277	41444	253
4.25898298	50.73792659	41444	254
4.25898313522339	50.7379800081253	41444	255
4.25891876220703	50.7380443811417	41444	256
4.25882667	50.73808157	41444	257
4.25868134	50.73818236	41444	258
4.25862894	50.73830981	41444	259
4.2585502	50.7383861	41444	260
4.25848917	50.73847153	41444	261
4.25842919	50.73857704	41444	262
4.25827142	50.73864705	41444	263
4.2580664	50.73870233	41444	264
4.25788712	50.7387682	41444	265
4.25794321	50.73875891	41444	266
4.25767589	50.73881248	41444	267
4.2575128	50.73889932	41444	268
4.25726496	50.73900348	41444	269
4.25706185	50.73907805	41444	270
4.2569134	50.73920719	41444	271
4.25676425	50.73928004	41444	272
4.2565614	50.73933556	41444	273
4.25640822	50.73937535	41444	274
4.2563032	50.7394474	41444	275
4.25615989	50.73954104	41444	276
4.25590556	50.73960055	41444	277
4.25576541	50.73966955	41444	278
4.25561588	50.73968096	41444	279
4.25548022	50.73980195	41444	280
4.25539493	50.73991114	41444	281
4.25525167	50.74004262	41444	282
4.25513005	50.74017652	41444	283
4.25503952	50.74025222	41444	284
4.2549349	50.74034285	41444	285
4.25489008426666	50.740453004837	41444	286
4.25490043	50.74043332	41444	287
4.25475215	50.74048944	41444	288
4.25455662	50.74056984	41444	289
4.25436403	50.74066945	41444	290
4.25420794	50.74078651	41444	291
4.25410331	50.74090714	41444	292
4.25389525	50.74099648	41444	293
4.25368494	50.74099005	41444	294
4.25350405	50.74098746	41444	295
4.25335328	50.74098957	41444	296
4.25310858	50.74100079	41444	297
4.2529751	50.74108562	41444	298
4.25283727	50.74111745	41444	299
4.25267799	50.74117946	41444	300
4.25251994	50.74122664	41444	301
4.25232381	50.74126414	41444	302
4.25216229	50.74131871	41444	303
4.25200416	50.74140281	41444	304
4.25184514	50.74144314	41444	305
4.25161621	50.7415012	41444	306
4.25148368	50.74156958	41444	307
4.25132493	50.7416226	41444	308
4.25115966	50.7417081	41444	309
4.25096531	50.74177024	41444	310
4.25081538	50.74171106	41444	311
4.25066378	50.74163897	41444	312
4.25051821	50.74158149	41444	313
4.25039409	50.74152125	41444	314
4.25038381	50.7415163	41444	315
4.25023401	50.74143846	41444	316
4.2500964	50.74134497	41444	317
4.24997198	50.74125234	41444	318
4.24982913	50.74118811	41444	319
4.24970203	50.74108941	41444	320
4.2496799	50.74098429	41444	321
4.24974673	50.74086413	41444	322
4.24976211	50.74079658	41444	323
4.24980814	50.74076454	41444	324
4.24980239	50.74076341	41444	325
4.24980271	50.74076363	41444	326
4.24980218	50.74076352	41444	327
4.24961215	50.74080572	41444	328
4.24951245	50.74089222	41444	329
4.24940481	50.74096076	41444	330
4.24931007	50.74103389	41444	331
4.24922615	50.74112871	41444	332
4.24913267	50.74124522	41444	333
4.24898134	50.74132709	41444	334
4.24878866	50.74138518	41444	335
4.24869418144226	50.7413810491562	41444	336
4.24865232	50.74126492	41444	337
4.24862925	50.7412212	41444	338
4.24852022	50.74114431	41444	339
4.24840166	50.74102947	41444	340
4.24829798	50.74096098	41444	341
4.2481882	50.74087451	41444	342
4.24811109	50.74077863	41444	343
4.24810479	50.74077142	41444	344
4.24798666	50.74065833	41444	345
4.24786985	50.74057817	41444	346
4.24776439	50.74048666	41444	347
4.24776439	50.74048666	41444	348
4.24769409	50.74039636	41444	349
4.24759673	50.74029674	41444	350
4.24749007	50.74019013	41444	351
4.24738273	50.74010556	41444	352
4.24727933	50.74003926	41444	353
4.24718614	50.73992777	41444	354
4.2470918	50.73981834	41444	355
4.24706065	50.73979062	41444	356
4.24700939	50.73973704	41444	357
4.24694936	50.73963184	41444	358
4.24686166	50.73953908	41444	359
4.24683964	50.73949605	41444	360
4.24679407	50.73944332	41444	361
4.24670046	50.73931355	41444	362
4.24668552	50.73930448	41444	363
4.24657949	50.73922607	41444	364
4.24653618	50.73919538	41444	365
4.24648969	50.73911201	41444	366
4.24647157	50.73906627	41444	367
4.24638475	50.73898039	41444	368
4.24629226	50.73887849	41444	369
4.24619189	50.73879039	41444	370
4.24617031	50.73869509	41444	371
4.24615909	50.73858347	41444	372
4.24624488	50.73848066	41444	373
4.24633887	50.73838667	41444	374
4.24644697	50.73828531	41444	375
4.24655311	50.73821187	41444	376
4.24667521	50.73814311	41444	377
4.24658656	50.73803174	41444	378
4.24646068	50.73794387	41444	379
4.2463453	50.73784519	41444	380
4.24625069	50.73775571	41444	381
4.24617138	50.73763971	41444	382
4.24622879	50.73746547	41444	383
4.24610117	50.73739156	41444	384
4.24594641	50.73732147	41444	385
4.24580609	50.73733829	41444	386
4.24564824	50.73728807	41444	387
4.2455079	50.73723493	41444	388
4.24539095	50.73713344	41444	389
4.24530954	50.73705473	41444	390
4.24527751	50.73695393	41444	391
4.24527761	50.73684488	41444	392
4.24529532	50.73674535	41444	393
4.24545609	50.73666892	41444	394
4.24558017	50.7365913	41444	395
4.24570282	50.73649928	41444	396
4.24581752	50.73640604	41444	397
4.24588814	50.73636577	41444	398
4.24592614173889	50.7363545894623	41444	399
4.24596215	50.73631814	41444	400
4.24609323	50.73621008	41444	401
4.24619808	50.73612617	41444	402
4.24715407	50.73556199	41444	403
4.24624088	50.73611439	41444	404
4.24752233	50.73524398	41444	405
4.24763428	50.7351435	41444	406
